session_id,label,temporal_inconsistency_score
00180f12-a401-432f-b3a0-e91695f8b537,human,0.0
004f995c-836b-4029-954d-7cede646a483,bot_t2,0.0
00845a3c-e176-4f4c-ad70-4bc2f6932f8e,bot_t2,0.0
008e78ad-31a4-470f-a784-3e8b1e60b162,bot_t3,0.0
00a0b323-ab69-4676-a0a1-e511ba6b8bc5,bot_t3,0.0
00b2d8b5-218d-492d-9282-238c8e362e05,bot_t1,0.0
00d83163-0da6-44b1-b4d5-bf825e2ac382,human,0.0
011ef106-3707-4a60-8462-ebdd97c65406,human,0.0
0159453c-a9fb-4788-919f-33ca7fe1bf27,bot_t2,0.0
0182c970-607e-40f0-9334-fa890b983b95,human,0.0
01a4327d-d337-4b01-8524-b1ee1c9a9205,bot_t2,0.0
01a4f6cc-5a69-458f-a2ec-29c43c1fc804,bot_t1,0.0
01dfdcfc-57e8-46ca-9ba6-2068e72d9733,bot_t3,0.0
01ed14d4-7ed1-44fa-b1b4-773ea803360c,bot_t1,0.0
01fb8a81-6289-492a-a446-604b8a314045,human,0.0
023717e5-4b02-445d-975d-d46ed13d3bfa,human,0.0
0249c788-459b-4b3f-9741-c75529c72289,bot_t1,0.0
028af735-7ec6-4a5a-bc8c-b5cc8c4ba6a6,human,0.0
032a85df-cfcf-4b74-826f-d174431dc133,bot_t1,0.0
034c8099-d563-4bca-bc6a-dec42953beff,bot_t1,0.0
038036e0-a21c-421c-95a6-290a71710671,human,0.0
03895b87-29f9-42c9-b9db-28779d6e1ba9,bot_t2,0.0
03f24416-28bc-469d-a369-4247c166e1ae,human,0.0
041f0b72-6073-4b23-9fa8-0fb3bfd1d36b,bot_t3,0.0
0467f747-73fc-48f8-a495-4c880db0f4eb,bot_t2,0.0
04b8ebd3-0bbb-4bd3-8472-623d6d564df0,bot_t3,0.0
04b94a61-285a-4e95-8cc8-1ab257a939f2,bot_t3,0.0
04cfa537-f5d2-407b-9fd4-6622e82bceb2,human,0.0
04d5a182-a25e-439d-8a35-e8098b964e70,bot_t2,0.0
04d7fa7c-8432-4126-99e8-6ee7d8bd477a,bot_t3,0.0
04e2e29e-73fe-4d81-90fe-426689e8f013,bot_t1,0.0
0546a0fb-5941-4cca-8f69-ae47eebabb18,bot_t2,0.0
0550fef3-7bb5-4363-aa34-8f60fd865429,bot_t2,0.0
055141d4-ff45-483a-99c1-9401066439bd,human,0.0
055c3896-23a1-4650-97a5-d1a910e0e0b3,bot_t1,0.0
057fb289-5e19-4967-bebb-798553b11310,bot_t3,0.0
05c5ef07-d1bd-4d29-90ac-15fdc47400e6,bot_t3,0.0
05ff3fde-d765-47d2-9fea-7b48facc300e,bot_t2,0.0
062e5787-bb60-48d7-b81e-6a8b07ce129c,bot_t3,0.0
06715aa3-ab04-4166-9798-502c18d3441a,bot_t3,0.0
06722abe-3e52-45bf-9be6-a7dcd20cd20b,bot_t1,0.0
0684508d-7204-45ea-92fb-dae0c764a9f3,bot_t3,0.0
068bf566-eda1-43fe-b4a4-84b98d54d78b,bot_t3,0.0
06ac5428-9ecf-451b-9dce-27ee8f93737c,bot_t3,0.0
06e12717-3370-4c14-96d1-1ee4051d3a64,bot_t2,0.0
06fd451b-c8e1-4e8c-841a-c75cce2a965e,bot_t2,0.0
073ccb31-10ee-4fb7-9c81-bf676e9a2341,human,0.0
0779e2a8-9ad3-4639-bb3b-5076072fadfb,bot_t1,0.0
07ef188d-d608-4388-9563-6d0778b1739e,bot_t2,0.0
07f777e5-fc3d-41a9-a22e-32647fb50b98,human,0.0
07fa73b9-63b6-4cfe-9310-bd65216bf553,bot_t1,0.0
07fdd628-b369-4870-9e34-aa393dc95dd6,bot_t1,0.0
0823a9e5-5976-4ffa-a31e-f687fb626f0d,bot_t1,0.0
08276e10-ed06-4a26-aa40-082db8fda8b9,human,0.0
08504c9b-a915-4db1-8618-00b36fbe0022,bot_t2,0.0
0890a88b-0c94-43f0-85fa-218ad325f3de,human,0.0
08a28fcd-478a-4011-aba4-c084165c8c9b,human,0.0
08b52c8f-479c-404b-bfa7-b252d34afc18,human,0.0
08d7dba3-7227-45fb-a9db-d79f407de5f8,human,0.0
08ef469e-f609-442d-8f87-51a271995351,bot_t3,0.0
093eae40-77e5-48f4-90b0-683c86435b70,bot_t3,0.0
0960743c-052c-4f24-847a-df0aa999197b,bot_t3,0.0
09ce9f98-5b2f-44a6-a492-31c53b12ec07,bot_t2,0.0
0a2b77a6-6549-4b14-816c-063a5da4a8c7,bot_t3,0.0
0a2e3d66-dc7a-4296-a029-62dccb08eb75,human,0.0
0a2f4098-30d4-487b-9aee-3081fda2035e,bot_t2,0.0
0a413796-d511-4d5e-a464-44296ca9a854,bot_t2,0.0
0a7c8b28-5aed-474c-9447-4ea0ac18277d,bot_t3,0.0
0a7fc2a5-18c8-4973-9865-dd62a5a34988,bot_t2,0.0
0a8a873b-add4-4f70-9ab4-4f4c6fdff63c,human,0.0
0aa3bbe2-ae31-464f-ae36-e06005f8b1dc,bot_t2,0.0
0ac52bd9-845c-47d7-bb54-79cffac80453,bot_t2,0.0
0ad293f7-5a74-4eb9-95a9-32b3b333652e,bot_t1,0.0
0b07c4d4-e9b9-457f-b162-faeb8c0023c8,human,0.0
0b101d89-58d3-4bed-854e-2bd10a960689,human,0.0
0b14285f-b217-4794-8145-ecfae49155c4,bot_t1,0.0
0b48d0b2-e762-40af-851f-ac8a22e522ad,bot_t2,0.0
0b4ca59d-b6e8-45c9-a281-7373beff806a,bot_t1,0.0
0b96f229-c60a-48c0-a3da-cca6bad04380,bot_t1,0.0
0c48e2f8-e886-406e-8e96-edaa8ed157ed,bot_t3,0.0
0c947950-7bc1-4c41-a907-57d63ead3980,human,0.0
0d0a793e-4a01-4670-87a5-b0e4201993b9,bot_t1,0.0
0d148b05-29f8-408f-ab41-1eaf4dd1414e,bot_t3,0.0
0d1cc24d-e70f-4071-977f-e8c534bb2009,bot_t1,0.0
0d571d58-b332-445e-b212-234a0c79d27b,human,0.0
0d71ea7f-5569-4c99-a653-35bbf82466a1,human,0.0
0d7d19af-bfb4-4257-ac2d-94055d989516,bot_t3,0.0
0d7dfed6-2960-4cb6-8e85-f99dc0586175,human,0.0
0d84922a-01f9-44e7-90b3-06e019824db1,bot_t1,0.0
0db9a96c-bcc3-4156-be27-1b543ae2ff3f,human,0.0
0de64a51-9293-4783-8dc3-c06fd2ce9955,human,0.0
0ded4aea-3539-4588-bc05-320c1212db2a,human,0.0
0e023138-adec-4905-a1d5-57960a8a245a,bot_t1,0.0
0e244894-4ae1-4991-9c21-1cbe7a57312d,bot_t1,0.0
0e265578-cc89-4831-ac01-74f458c53b42,bot_t1,0.0
0e4ce54f-64d9-4bcd-b60a-d02bf4cd1657,bot_t1,0.0
0e6eddbd-ff5a-4cb0-84a7-4282d1e01a2c,bot_t1,0.0
0e8ad621-91b5-44cb-aa6d-0dc558ca2400,bot_t1,0.0
0ecaabc0-d128-4f9e-ac5e-96d27ecd4c63,human,0.0
0f4e36e2-1eed-4d9a-9b96-86ed97a203b3,human,0.0
0f560f96-3f44-40a3-8c14-d595fda0d05a,bot_t2,0.0
0f625111-79c2-45f2-9468-52be3b6b0199,bot_t2,0.0
0f76e718-c96d-4bce-b2f9-2a67f3251d69,human,0.0
0f997825-6e9b-4487-853a-697e39bb23bd,bot_t2,0.0
0ff85aca-227f-4962-a094-0c90cac50404,bot_t2,0.0
1106c241-dfe2-41b1-82ec-bb5ce504a4b4,bot_t1,0.0
11103112-b5ba-487e-a628-76bd19845677,bot_t3,0.0
11261d5a-20b8-463d-844e-b37758c08ab2,human,0.0
11379a27-c42c-46ac-9dbe-e1d7c9d83504,bot_t2,0.0
11563152-32d5-4402-916f-5fc9dfc4f0dd,bot_t2,0.0
117bb939-45a1-4e51-92d9-585f69fe9e90,human,0.0
11975652-244a-4b47-b000-55d06baddc79,bot_t3,0.0
11b065a2-41b9-4fe9-b0f8-6be92c70378f,bot_t2,0.0
11b3ebc6-4f3b-4b23-83c5-1b5f7023f02d,bot_t2,0.0
11b54bcf-5d7f-4820-82ef-02314a870aa8,bot_t3,0.0
11be1c07-286d-4ae9-ad75-1ca2ba66ea50,human,0.0
11df0cc4-136d-49b4-992a-67f60bdc2acf,bot_t2,0.0
12178b32-19bc-4625-a2af-565d808132a4,bot_t1,0.0
12706bb5-1115-4500-829e-238c404d7132,human,0.0
12af17fa-53b6-4cb4-934d-065bcad45126,human,0.0
12cc3727-7aea-4092-b02d-7da0e4f3efe6,bot_t1,0.0
12f8687b-3304-436c-af11-39b579b55f48,bot_t2,0.0
1311c5cc-94a2-4072-b7c3-cfa66a0e7397,bot_t2,0.0
1330d5bb-ee9f-46f0-96b6-fa85917a3ba2,human,0.0
136afab7-a1f8-48b2-a715-99af0b72aac1,bot_t1,0.0
13787b8b-8eb3-4207-ac7f-bb24472942bc,bot_t1,0.0
137e4797-ccbe-469e-9d88-cfe9bc5ef813,bot_t2,0.0
13c41c70-f608-4088-8425-d6eabb8c0282,human,0.0
13d9f3c0-3126-443f-a7e1-3755e4a81417,bot_t2,0.0
13dcb46f-44f2-414f-80f4-8e64a5ad730b,bot_t3,0.0
13ea8b3d-65fd-4b35-a0b9-7cfa653dfd04,bot_t1,0.0
1418d74c-c54c-4985-a806-a2f28432851f,human,0.0
142145c5-bf90-4580-9fd9-1a9bef975d98,bot_t2,0.0
14238415-5e55-42aa-9631-893e87228ab0,human,0.0
142914bc-7663-4f7d-ae2d-51b193ca6c89,bot_t3,0.0
1480f698-e99d-4273-8169-502d5d078fb0,bot_t3,0.0
14c06e36-087d-494a-9de1-36c0ae041327,bot_t1,0.0
14d3f15b-1340-4096-894f-246cd61c1344,human,0.0
152897f3-f201-4bdf-b946-7886fad5554c,bot_t1,0.0
153991bc-d1ac-4e59-836d-17cce6a57316,human,0.0
158cc03c-25f3-4bc5-ba34-d31fbd7d1f67,bot_t1,0.0
159b4635-35fe-47b9-bf90-cef34adc0613,bot_t1,0.0
16414cb8-588c-40b1-ba58-5fc8ba52af84,bot_t1,0.0
1670664e-bbbc-489f-b10c-b28600b9c49d,bot_t1,0.0
1699da26-63e7-49d3-bb28-fa2649410b4f,bot_t1,0.0
16bf90e2-6ea8-4da9-af3a-98aa3e46f1e8,bot_t3,0.0
16d39a11-aa9a-4c73-a675-7c56a05c97ce,bot_t3,0.0
1712f081-6c11-45f2-bbb1-9465e5175f85,human,0.0
172689a8-03eb-42f6-96da-27269007ba0c,bot_t1,0.0
1736aa01-b384-429e-945a-eecf02aa2ea0,human,0.0
1759e9bb-b693-4d7f-a909-27fa5a45cd89,human,0.0
17c6bd0f-52b7-4b59-81ea-d6c4f35ab968,bot_t2,0.0
17cb0f44-7173-4069-9022-8a5e0347bf1e,bot_t2,0.0
17d57d62-a359-4455-bea3-5164f65528de,human,0.0
17e16840-5761-47de-8311-d84d6220a375,bot_t1,0.0
180600db-85f7-4072-9580-7faf7520e2c1,human,0.0
180a3d60-d76a-4258-93f6-b62c655b173f,bot_t2,0.0
183539e8-25cb-40f0-93ad-c59082d216f3,human,0.0
1837da17-ea2a-46c7-bfa2-2008611edead,bot_t2,0.0
184289b2-0e04-4829-940e-fc4177a10880,bot_t3,0.0
18561979-2b59-40ec-a8e3-893835924e23,bot_t2,0.0
18a1b9ad-496b-4e6f-863e-9121d3addd60,bot_t1,0.0
18ab1555-07a4-4b9d-9894-1481ee68bd74,human,0.0
18b92898-da11-4401-8c76-4656f6e82621,bot_t1,0.0
18caa301-ae17-4c38-af48-ba9db717b25b,human,0.0
18f73689-db33-435b-98d6-f24df7abe24f,bot_t3,0.0
190e3f1a-93dc-47f2-91f1-ed89fc671eac,bot_t2,0.0
19471aae-9766-47a4-93d5-453214b65101,human,0.0
194ba9c0-4494-4103-90f6-d5c5c55dc4a2,bot_t3,0.0
1957db50-ebae-442c-9b4b-c0f9bb949d2d,human,0.0
1965e0f5-0abf-4e7d-bc07-116bd8f6e929,bot_t3,0.0
196c7011-2f36-4724-aed5-8a971d6511ef,bot_t2,0.0
1972650e-88a5-4f1f-a746-2c2abf62ff99,bot_t3,0.0
19eecf70-e276-4084-ad8a-9d9adf083d7b,human,0.0
19fabd8b-0d62-4664-9c85-ac130fbccf8d,human,0.0
1a3744cd-5dd8-4e03-b0e2-df85cabec988,bot_t2,0.0
1a5a258d-17c1-4ed5-a640-0e6c47599f6b,bot_t1,0.0
1a77115a-e4e7-42a8-931f-a387fef72e3a,bot_t3,0.0
1a8810bb-ac4d-4ef4-91a1-8f29a4a6ac44,bot_t3,0.0
1a9f6bc2-92cc-4d51-bd72-e1e47e846384,human,0.0
1ac4ca01-f2fd-43dd-9037-c3adfde8c6ad,bot_t1,0.0
1ad31543-f064-4695-85e8-8e8bfebfea49,bot_t1,0.0
1affb27f-b118-4741-87d6-fed5dbd7e8e0,bot_t1,0.0
1b15c466-e582-4dbc-8b02-b863f0846c43,bot_t1,0.0
1b671334-231c-416f-9c79-08edc3d107de,human,0.0
1c494b70-5be1-421a-b179-e2ef76ddbc64,human,0.0
1ccde273-ed20-4242-bd9e-f6fa606b8a1c,human,0.0
1cdeb995-93ac-40be-a1a3-8bb4fb504ced,bot_t3,0.0
1d16f74f-6012-4c9b-82c0-f8d6fde0dbeb,bot_t2,0.0
1d1e3bda-dd80-4ef6-adb1-c8a5b541b84d,bot_t1,0.0
1d47b6a9-d2f2-4787-9c05-9f98c17b19e5,human,0.0
1d75ced3-9379-4add-b7d9-07552c914feb,bot_t3,0.0
1db16f4b-d495-4c41-b407-70c8339f7b42,bot_t1,0.0
1de20faa-3ae8-4b5a-a1fa-fee8ad7b3659,human,0.0
1dee1fcd-5bf1-4fad-a7d9-360930f73703,human,0.0
1e0d5eb0-2421-4406-b94d-7601e8c907f3,bot_t3,0.0
1e58d884-2df7-4004-ad30-19cb68a4215a,bot_t2,0.0
1e810b57-512d-4d45-98b8-28e5bd0324a6,bot_t2,0.0
1e992a77-06a8-4c2a-8ef4-c7fbdab689db,human,0.0
1ebb96be-d2f7-471c-8cdf-167c1758dad0,human,0.0
1ed5b824-de6a-4a59-8d15-55d0a4201eb8,bot_t3,0.0
1ed7b2cd-7da9-49c9-83b1-30444b782116,human,0.0
1ee8b004-b0bc-42d0-a6d4-04da5ef39274,human,0.0
1f0a61e0-6fc9-4f18-a7f4-c9143491eca6,human,0.0
1f2def8a-a9c0-493f-8071-bc0987ae48d3,bot_t3,0.0
1f420930-98a3-47e0-90ba-459ad5efab03,human,0.0
1f4bf9f5-c17e-4cea-a771-032330ae86a0,bot_t3,0.0
1f53f926-4675-474e-9eee-fd1fb8c9774d,bot_t2,0.0
1f610201-73cb-491a-aa81-d6dd9edaea2c,bot_t2,0.0
1f9e6e21-ab64-4f4f-a2cc-6f6550c921ad,bot_t2,0.0
1fc431eb-fefd-40e2-b9c4-fd5aafc4ff12,human,0.0
1ffcf90d-d9c6-4b9d-ba9c-41a6e4d82951,bot_t1,0.0
2041f49d-9208-4dd8-acdf-4e9fb12196dc,bot_t1,0.0
207e17f9-77af-4b37-bdf4-432055ecb8e2,bot_t2,0.0
207ecbbf-bd09-41d3-8800-8c062f460c4b,human,0.0
20d3784a-adde-4b2d-87cb-1bb4c4307f3c,human,0.0
20e6ce9b-2839-4fbe-bf3a-60ef6c1d39cb,human,0.0
20edaa03-5b50-4289-a377-ac0883e7530b,bot_t1,0.0
21072208-cb59-4026-bfb6-420b2bbe4ca7,bot_t3,0.0
21448c72-02ee-48c9-8072-8bc1018d1f04,bot_t2,0.0
216062f2-88ab-4b14-9fe0-998c44366698,human,0.0
2193bd5d-b25b-47dc-b57d-0304c01250c8,bot_t2,0.0
219edb10-934b-4cea-8971-9f65b7151944,bot_t3,0.0
21a24b97-e66f-40ff-beec-b90508bf2dff,bot_t3,0.0
21ba1d41-1b21-41df-8003-7c53419fd110,human,0.0
21d1d43a-b0f4-4365-b588-959e93c8d518,bot_t3,0.0
21e1cc97-0614-4956-949d-f10ba8121c18,bot_t1,0.0
2205b6b1-5c8f-48a6-bd15-c730a56323b2,human,0.0
222ea077-9477-4570-8e15-a2d06f7ee964,bot_t2,0.0
2259c7a3-2a49-4506-99ab-5079ac7eaec5,human,0.0
227657f2-7bfc-4985-aec1-70214c252d43,bot_t3,0.0
22bdd99a-a674-483f-922e-3c9f47bba7fc,bot_t1,0.0
231a6cd3-152b-4b39-b2ed-bb2bed86a722,bot_t3,0.0
2336a3fa-4843-4748-9063-449c5fb9d102,human,0.0
23395b82-919e-47a2-90ba-55522369a953,human,0.0
23edb163-399b-4553-af25-ab8cb4a38f4a,bot_t1,0.0
24333a88-d15c-4b3c-9d4f-4aeb10a9ca8a,bot_t2,0.0
2435e659-6ce9-4a0e-abe9-132383354bcf,bot_t1,0.0
2445b4d1-c313-4e84-a079-71e6f8b686d3,human,0.0
246dbfc9-4d0a-4d2e-ac84-75084032a4b6,bot_t3,0.0
24ae74ce-b203-4404-89a7-a02b1644454b,bot_t2,0.0
250c9b38-7947-4110-9880-262cbdf70f44,human,0.0
25242423-72dd-4f6a-a54c-44ed80bb71d5,bot_t2,0.0
253bf61c-1948-4b49-99f1-166a8dead60f,bot_t2,0.0
2555eebe-f596-4469-833e-fff6301657b0,bot_t2,0.0
256b95e2-f7cc-40bb-8b97-9e96413430b4,human,0.0
256e1c92-10fe-44a3-b0bf-bcb07393c060,bot_t3,0.0
25782c1e-0538-478d-91f6-8373ac1e44d7,bot_t1,0.0
25a6d76b-6ef1-4830-8ce8-f462d197caed,bot_t1,0.0
25cfe44f-96bf-467d-8b21-dd40979c25cd,bot_t1,0.0
25e9dec1-f876-46f7-8705-d20ae6dc7bd9,human,0.0
2601631a-1b06-423b-8167-6f001d0e55d1,bot_t3,0.0
2655a0e6-295d-4ce5-922c-50359cd7f070,bot_t1,0.0
265c382c-7674-4361-9781-eaf09b9ef2d4,bot_t1,0.0
26851ac3-edfa-428f-8c5c-3c359d8eae68,bot_t2,0.0
2693c9d1-8c83-43d9-a937-c72c4ac3797b,bot_t2,0.0
277cf105-7cee-4e82-a9c5-777e53a39340,bot_t3,0.0
279b175e-b9e9-419b-be05-a638856f040a,human,0.0
279d2ead-62b9-4b1c-b071-081be7bf2c8b,human,0.0
27fbe7c2-daa4-419d-a43b-bdcc62608eb8,bot_t2,0.0
282e2777-2807-424e-a68f-fda02b2d5bf6,human,0.0
282ed729-f24a-4922-93ab-ca5a4239fa32,bot_t2,0.0
284c6fd8-8e70-4b83-807e-51641a9dcc99,human,0.0
289783ae-f80d-43b3-939b-9cc78b3f614c,bot_t2,0.0
28bcf685-4500-400e-bc37-e0bd67294e16,human,0.0
28f313f0-b5cd-452e-842a-f3f572b22965,bot_t1,0.0
291b37b5-2665-463d-9dee-aa3d372d18a1,bot_t2,0.0
291fe010-908f-4316-8b77-a444714d67a7,bot_t2,0.0
29332e5b-b80b-4275-b780-b96129c52a0e,bot_t1,0.0
29503617-3e1b-4941-97e8-57ea21b24b7f,bot_t1,0.0
2956c181-1e41-431a-875b-30e2fce0cc78,bot_t2,0.0
29ac987b-8ff0-436c-8be8-0aa48970104a,human,0.0
29aee531-3c11-470a-a73c-15778b021a10,bot_t2,0.0
29b843d7-c7b2-4033-9561-0a0820f9d48c,bot_t3,0.0
29be65d8-260c-413e-8c3d-aa3600b56c29,human,0.0
29e1cef2-ca6a-424f-894e-3f5c111bfe61,bot_t1,0.0
2a48965c-bb0d-4559-900d-222ff58931a0,bot_t1,0.0
2a5b3808-4a0a-46f7-8075-4cde0173f5e2,human,0.0
2a5c3547-3f07-4d8f-89bc-6852a0c55ccb,human,0.0
2a6f7dc0-d1a8-4614-be1a-7e463f91f427,human,0.0
2afefad4-c757-4212-afa7-eec81342ffde,human,0.0
2b27184c-9ae6-4d9b-a8a4-b0dfbe156dd0,bot_t2,0.0
2b4c3138-b437-4727-8299-35a474201286,bot_t2,0.0
2b508660-71fd-4a7c-bec9-292c16daafb0,human,0.0
2b9860b4-435d-4815-98a1-9bad1e9c1aa1,human,0.0
2bd246a5-01cd-4352-8da1-81e866443557,bot_t2,0.0
2bdc958d-27b2-4902-bb3a-b7d1bf55048a,bot_t2,0.0
2c31ae6b-e52a-4fcf-831f-d80d45453942,human,0.0
2c32977c-cd2a-4f36-adea-4c1acee448ea,bot_t2,0.0
2c516cda-51fb-46a0-97e6-6fa76c096aad,human,0.0
2c85e3ad-1f02-41f2-a475-cd39bd238a0c,bot_t2,0.0
2d0a477e-44c9-4f31-b9d4-20b37df3d4e0,human,0.0
2d1f9737-76be-4469-82bd-984869025605,bot_t1,0.0
2d82aaea-1099-4e51-887a-c4bf54eff39b,bot_t3,0.0
2dcb6846-9575-4280-b307-750568d2cfee,bot_t2,0.0
2dd7b493-58fc-4a33-a141-7e10df76bbd8,bot_t3,0.0
2dff3dd2-17f6-4f37-b67f-ecf4e45eeb61,bot_t1,0.0
2e0e5245-80c8-43c9-888e-c9f1677b9b2a,bot_t2,0.0
2e1b7833-c275-448a-a8fa-e73b8bfae07c,bot_t2,0.0
2e2da192-93e4-43f6-bc8a-c50cc9f313f0,human,0.0
2e4c6e84-93df-4826-bc0b-54e6691c02bb,human,0.0
2e98740e-7e1a-4f85-88f6-5880dc8b547a,bot_t1,0.0
2ea0cfda-459e-4957-8690-e34726f59732,bot_t2,0.0
2eb71b10-ffef-40af-b8cb-f8a9f089f3f1,bot_t2,0.0
2ef4454f-861d-4e62-8ac9-2757719e43fe,bot_t2,0.0
2f15d870-ec70-432b-b94f-35edfc8f94f2,bot_t3,0.0
2f3328ec-a724-49b6-9d2a-43fcabaf25e1,bot_t1,0.0
2f46db17-9929-4563-b821-a5e86d9e9cc1,human,0.0
2f4ac124-d7a7-4418-a10d-aef52a863fd3,bot_t2,0.0
2f7ce152-020b-4e25-9603-a716d4814e71,human,0.0
2fadc6a3-a533-4cea-8e2e-f407536189a2,human,0.0
2fcb60ba-af71-4ea0-a556-f191fdf1b313,human,0.0
2fdbe5a3-3df6-4b8b-945a-5a9a6c32e614,bot_t1,0.0
2ff10982-1351-43b0-b239-728e9827fce9,human,0.0
30050eca-6938-4c69-bd67-5484e5436148,human,0.0
300a92cc-d94b-47f0-80cd-07f9a1e48aba,bot_t1,0.0
30205897-bee8-4d5f-a5de-7f1c6bfe5f9b,bot_t3,0.0
30343812-ed60-4d64-bbc7-629e052a8546,bot_t2,0.0
30c581a9-36d1-4e34-8324-c760031a3449,bot_t2,0.0
30d1494a-8338-4ad1-970f-9be6a27e8684,human,0.0
30e3c46d-fd3a-4d53-8a25-cacb02a0bd20,bot_t2,0.0
30e82c45-06ff-41b5-8a60-df142f5026c8,bot_t1,0.0
30eb6899-705e-4c04-8c16-4544a3eac503,bot_t3,0.0
31044fc3-2a16-41b6-8b16-adf686202e6f,bot_t2,0.0
312588bd-a693-4eb8-acdc-86dc3f3c2234,bot_t1,0.0
312624d7-c6c7-4eb7-81db-0e6e3abfd752,bot_t3,0.0
315a6bf5-f38d-42db-86cd-2ccf118b3faf,bot_t2,0.0
317a2044-61a7-431a-a90c-9f73a113f7f1,bot_t3,0.0
317b2af7-54a2-4fe9-9acc-d474ad97952d,bot_t2,0.0
319b6f18-381a-4275-bb2f-8b4847eba7b9,bot_t1,0.0
319ec9a9-c603-4180-bc15-0baa01fe9164,bot_t3,0.0
31e2cf04-ed76-403c-8a1e-c4254af8c58d,bot_t2,0.0
31ff8210-7303-4827-b6b3-ec869bdb9c05,human,0.0
32341750-ac27-4d03-aea3-c59ac39a56b3,bot_t2,0.0
3270d86d-d9a4-454b-936b-5b7619d489fc,bot_t1,0.0
32b97a2b-ef61-49b3-b5d2-4bd239c34646,human,0.0
32c1c39c-69bd-45c3-83a9-faf26226f4ee,human,0.0
32e69702-1d3b-4263-b2b0-2a18b5c390b5,bot_t2,0.0
33093286-a18e-4537-a9bd-010ae48eb002,bot_t3,0.0
3324a831-2e36-47cf-95af-28997a3bcc12,bot_t3,0.0
33357904-409f-41a3-8471-72d74daca88e,bot_t2,0.0
33604582-d21c-4fd5-8c93-c5c5fd54fab1,bot_t3,0.0
33721314-8bab-4c7f-a46b-e44c58e42cc1,human,0.0
337ec29f-5139-4930-98b8-4ef4bf8f282f,bot_t1,0.0
33912ea7-be48-4fe4-a6cc-056c3650fd03,human,0.0
33967e6b-47c5-4de1-885b-cba8df7d74ab,bot_t3,0.0
33affc76-03e6-4bc7-a44d-f52a7f862d24,bot_t3,0.0
33b8ba6c-da6f-4a92-8b06-fc2e71860498,bot_t1,0.0
33cf1925-9b77-42d5-9f3f-2167fe8c4e17,bot_t1,0.0
34cbbf5e-ae08-44f4-a4a1-6215c65eb803,bot_t2,0.0
34dbc865-34c7-4746-8430-74ef54c56909,bot_t2,0.0
34e08172-3c7f-4021-b92a-95eb62dd744f,bot_t1,0.0
34e5a809-0eb9-4c31-8ea6-09c10a507cc0,bot_t1,0.0
35122911-d28e-496e-8efe-b9fb40862969,bot_t2,0.0
356eea00-9a1d-4940-9647-86887fa0edea,bot_t1,0.0
3582a7c1-bec5-4718-ab6a-c22cda478de5,bot_t3,0.0
35e7c7b1-ae3f-4590-8e68-6501d340b11a,bot_t2,0.0
3603e16d-f9e4-4073-b07a-a90b7237cacc,bot_t1,0.0
360afd34-b9fa-42b4-80d8-8708375f6eb9,human,0.0
3617ccfd-097e-4c26-81d6-5479e4edec94,bot_t2,0.0
365350ef-0b38-473d-97d4-3ea10e755532,human,0.0
368f7676-a22c-4a8e-a138-5a4a9ff7ab89,human,0.0
36ea57b9-3e31-4984-94fd-9c371ee9764f,bot_t2,0.0
36fa3b8b-7380-4d32-8828-840e53d0f7e7,bot_t1,0.0
372187a4-dcaa-4309-a5c6-29d2f0237645,bot_t1,0.0
372fed21-cbbd-4832-96b5-57861d69e58a,bot_t2,0.0
37a5ff6e-374c-459d-8747-a0ebe121acd2,bot_t1,0.0
37d08f67-cf3d-45c6-ab7d-759341a9be68,human,0.0
3816be15-9493-45a1-8860-8573972cda54,human,0.0
383f3470-4e5c-4dc5-b814-9e5224f70735,bot_t3,0.0
38541d61-f250-40f2-93c2-9653d0d1c315,bot_t2,0.0
38b23215-817e-4178-a015-8c387ead2eed,human,0.0
38c1cebc-9886-49ca-abd8-92429c629b16,bot_t2,0.0
3901b644-880f-4c2f-aa92-5e268096c6ef,human,0.0
39311dd3-bd19-4996-82a5-4e81792962bc,bot_t1,0.0
39412bf4-dc6c-49f5-af61-a4ea506fe56c,bot_t1,0.0
394ba450-874f-47c0-95d0-5281f01c0f2d,bot_t1,0.0
395ee53e-b364-4dfc-acb9-f7520001996d,human,0.0
39c436d8-96e8-4546-b796-2f12a5fbee97,bot_t2,0.0
3a028f55-4b67-44cf-818b-da4c28c85fe5,human,0.0
3a152085-0932-48fa-adff-e8e9231038ed,bot_t1,0.0
3a279fcb-c219-4135-9e4b-d2b88d521e8f,bot_t1,0.0
3a2eaf42-5934-4d11-ac26-45958fb19514,bot_t3,0.0
3a6889ee-1bad-466b-a90d-2d0fa040ae09,human,0.0
3a7be82b-b281-4a89-be0a-c18cdc8ecee7,bot_t1,0.0
3a7d243f-94c6-4baf-b531-27284b61c0f9,bot_t3,0.0
3a838aa8-21ba-45a9-aa51-eb9f2b84e553,bot_t1,0.0
3aaf7a85-4949-4394-a324-61cc0c01002c,human,0.0
3ab09dfb-94a9-4ffc-bd8b-6877bc70155a,bot_t2,0.0
3ab170ae-122b-4b10-92b3-31b47fdf4f5b,human,0.0
3ab655c6-54f7-4151-869c-19bc37dcceb7,human,0.0
3af0b211-2ab9-4dff-9adc-e842a768b55b,bot_t3,0.0
3afad7cb-c198-4fb1-b369-670440601e5e,human,0.0
3b01c52a-1045-44e2-88ea-61bd1ebfe478,human,0.0
3bbe8d1b-214c-4c2b-be56-bb0a937ad9db,bot_t2,0.0
3bca5f23-e175-48c2-a555-74dd6a8ecd0f,bot_t3,0.0
3c3078e3-b088-4261-9cb0-3d8f5d9e8335,bot_t1,0.0
3c72ee56-1aac-4943-92a1-3f80fdf7a58c,bot_t1,0.0
3ca51172-8e62-48c4-9eb2-080bf4621851,bot_t1,0.0
3ce9aeca-f0df-4c98-80a5-d3f6e73ea9a1,bot_t1,0.0
3ceea5ba-ed9b-4219-872e-b33f72a818dc,bot_t2,0.0
3d16f0b7-2a20-40f3-b565-602d7a3fce4d,bot_t2,0.0
3d2e5d38-8246-4d37-8f52-392c4873b9f3,human,0.0
3d345662-4234-4965-a5d3-078cdd932f0e,human,0.0
3d9ea368-aa19-40a8-bc7e-f037c0c8fa11,bot_t1,0.0
3db6d9bf-0f4c-42e5-9452-96ff2c1054e9,bot_t3,0.0
3e16d2d7-5fc9-4477-a5db-2b82fef697a3,human,0.0
3e1cf316-88eb-47b1-8fd2-04c91263866f,human,0.0
3e52f2c9-1696-4cbe-b578-69c8a5b36d4f,human,0.0
3e685851-be2c-49f7-bd54-77f4ee896cf4,bot_t2,0.0
3e72d214-479b-4512-a1ac-8b4d0d739b3c,human,0.0
3e73fb02-f998-4103-825e-543f4d30b925,human,0.0
3e8ca582-28df-4708-b490-2fc20398b8a1,human,0.0
3ed9fe72-6d25-4ab5-ae03-992f17c5bfae,human,0.0
3f022027-1870-4249-8fbf-eb618ad44c28,bot_t3,0.0
3f1f507a-0c6f-4f0c-9172-71289205a746,bot_t3,0.0
3f5a0a05-8b31-4e90-b80e-a3ea56e78819,bot_t3,0.0
3ffabd68-6154-438a-be65-398ea9e4b775,bot_t2,0.0
4001afe5-68bd-4f97-8a0c-088302b10743,bot_t2,0.0
40158e36-151a-4c00-a7f5-37085e942b17,bot_t3,0.0
4019cc0a-6918-4c84-a568-59dd97780a98,human,0.0
401edc03-3673-4027-8442-2fae4ba7a2d5,human,0.0
40b3ea9b-3847-4671-abb8-e4966ade1629,bot_t3,0.0
40e05f58-0b15-401c-8e02-bb6b9cfe47dc,bot_t2,0.0
40e89fb2-82a7-4aeb-b32a-fe14693fc09c,human,0.0
40ed2d5c-4353-4eb9-bc56-d3448f8c7998,bot_t3,0.0
41106d34-d2ca-482b-b90e-16e89f29dd73,bot_t1,0.0
41464eb2-9cf7-4e88-b269-89c3ab275dec,bot_t1,0.0
4156f46e-f2b3-4939-9e52-82923efc6d39,human,0.0
416c5ae0-fd7b-4347-968a-60d7a088963e,human,0.0
416e270f-2e42-428e-ac09-ce1c990e6c09,bot_t2,0.0
41757863-f7d3-4cbe-8e42-95cf1bf83cd6,bot_t3,0.0
41c64a96-3ea9-469b-992d-0b139cbd951b,bot_t3,0.0
42c0ed40-434b-44b4-b941-76d826609d7a,bot_t2,0.0
43328bf5-96ad-47cd-bb22-134b3accbd0e,bot_t1,0.0
43a05e34-454e-4cd5-9ea8-4aa0cc018898,human,0.0
43ab0155-bff6-4e9e-87ec-8643cb1c07fe,bot_t3,0.0
43ba0ced-7548-452e-9aca-dfd17f201943,human,0.0
43c8ff8a-16f2-4f33-b292-aed0c1fe96c7,bot_t2,0.0
43f450cd-6d33-499c-869c-cdf354000a0e,human,0.0
44012ce8-b73b-47c0-903f-9bea75c89b56,bot_t2,0.0
4401d8ef-6784-4755-942a-9a91c92aa3e3,bot_t1,0.0
44205a19-ea92-42ca-b172-d361ecca4a8b,bot_t1,0.0
44239b81-4fe2-4cfc-8987-e5b9ec9e3679,human,0.0
443c17a6-fee0-42cb-8cb8-784f0d98864c,bot_t3,0.0
44615617-7378-4a3a-8d47-1ccaa5a9f539,bot_t2,0.0
447e16a4-74d6-40bc-a4a0-657ba18ee5cb,bot_t2,0.0
44897271-129c-4ade-b6fa-5fe52763e1d1,bot_t1,0.0
44bc8f8a-531b-483d-af66-fcb253f4098c,human,0.0
44ed73b7-dc2b-43d8-aad5-15f4e0a037fb,bot_t3,0.0
45141168-82ad-435d-bade-ff8c947efd7f,bot_t2,0.0
4542ff08-8dc3-489d-874d-c062a56e61e9,bot_t3,0.0
4546553e-518e-4542-8906-bba549b2b128,bot_t2,0.0
4570f998-4751-45da-92d0-c04649051b5e,bot_t1,0.0
45a2891c-3a40-452e-9c88-fc273409fc86,human,0.0
45c26071-c5e0-415c-9c28-382ea4c83de4,human,0.0
45c86705-b517-4a34-8456-0c6f2b589486,bot_t2,0.0
45ed62d1-e550-4713-991c-54d0cef152a3,human,0.0
45f7b3ae-3a67-465e-a7a3-3d559335cc0b,bot_t3,0.0
4626bea4-9b33-42e6-b608-3226862382b9,bot_t1,0.0
4626e8f2-e840-41b0-b010-862b2c6519c9,human,0.0
46356cd4-c8d8-469c-b289-6883482aaf2d,bot_t1,0.0
4653dd84-acab-4f32-bf4e-38dbbc6675b8,human,0.0
465eaf01-7534-4e84-bac0-6cc407eb0e72,bot_t1,0.0
46644b6f-674b-4b88-9c39-8273fdfe8257,bot_t2,0.0
4666937a-41ab-423d-bb22-1880fb0dd38a,human,0.0
469c15f3-80e5-4a02-b229-4da182fb0812,human,0.0
46bed4d8-b08e-431c-b314-e2a29c08af6c,bot_t1,0.0
46c37821-ddcf-4fa9-8760-e52c20efa76d,human,0.0
4771b84a-d0c1-490c-9c84-567a7e088c92,human,0.0
4786d63e-55c4-4d9a-9be7-8c367ef7e4fb,bot_t2,0.0
47b6c427-1b9f-4aa9-b4c1-2b2295522c6b,bot_t2,0.0
48046df3-fac0-4757-b37e-9f62617a2fa7,human,0.0
482f8041-acac-4653-8c7f-c7a44660e03f,human,0.0
48635397-cb36-44e9-8b91-7b8dd06a7c64,bot_t2,0.0
486b39b5-6ffc-44c5-84c5-76cab596733f,human,0.0
48720ab7-ecc4-4a6c-9b9c-385101e7276b,human,0.0
48a6cf5c-11fe-4a9e-8d7c-931d15428f68,bot_t2,0.0
48c5bd14-5c97-48bb-a59c-36840609d3fe,human,0.0
490ca722-2627-4720-9dc6-ca0e2b6ba27a,bot_t2,0.0
495ce8a7-0a43-48d4-97a3-93fcfe578488,bot_t1,0.0
496306db-42f5-4590-a129-0c320017e1d9,bot_t3,0.0
4992bda0-723d-4577-823e-553ce8acf039,bot_t1,0.0
49bcb193-a1e8-4601-97b9-52de7dd4f3d4,bot_t3,0.0
49cfe934-278c-4af4-914a-b7bfe5b56dc0,bot_t1,0.0
49d4b2ad-989b-4e37-935a-e146d87bf70e,human,0.0
4a260dc0-3c20-4e65-9940-d90a962b42a6,bot_t3,0.0
4a3a137b-5a34-4923-8873-3a2375cd73cd,bot_t1,0.0
4a767f70-01be-457f-8162-20981a137cf5,bot_t2,0.0
4a78dfc3-af94-442b-a567-52703839adc5,human,0.0
4a7cf92d-bc73-4831-9bcd-0ac534506bac,bot_t2,0.0
4afa4dd4-535b-46b6-8506-3be61712ad1b,bot_t3,0.0
4b17213f-a13d-4b57-98c1-a07deda06fa3,bot_t1,0.0
4b1e2fed-be00-4ede-a0fa-080961636109,bot_t2,0.0
4b294fca-4f68-435b-acf2-2a0d0d0710e3,human,0.0
4b3ebbc4-ada8-4a7d-9e58-6a959e2e7416,human,0.0
4b57be87-54ac-4b17-9708-e404013c5b20,human,0.0
4b5a9a38-a729-4d48-b83c-e7196248d172,bot_t2,0.0
4b6f8686-597b-4e4c-a3c2-7f407bae8ff8,bot_t3,0.0
4b834fe6-3961-417e-b1d3-f55ac21c925b,bot_t3,0.0
4bb72075-7372-4f55-b01b-af19a42edbe3,bot_t3,0.0
4bc19ea5-9cfa-4e29-8ecf-88b446b87e94,human,0.0
4c15581e-d584-4641-990e-1f92ef520032,bot_t3,0.0
4c7f747c-b4b6-4308-ad0a-47cbe6ac53b0,bot_t1,0.0
4d123438-a091-43cc-85fa-c229c1b6d87e,human,0.0
4d3d44fc-8a06-43e4-a864-a3c28056b216,human,0.0
4e071a73-defe-4a7c-a701-43c098e1da30,bot_t1,0.0
4e7af64d-df7a-4ae5-b0e6-f8fc72a4943e,bot_t3,0.0
4eb7f631-3a13-4976-a371-95ba8ddc3410,human,0.0
4ebfdae3-3fb3-4bab-8f63-21fbd24dccdf,bot_t1,0.0
4ec9516e-29c5-426a-a6c1-8967a9e39284,bot_t1,0.0
4ee082e4-22b6-45b2-9ed2-52d7973f4210,bot_t3,0.0
4f1a6b18-622a-4f7a-954a-c055a30a6539,bot_t1,0.0
4fb5b711-1e5b-488a-8697-40608ff96887,human,0.0
50238577-0515-4ad6-a3de-f30dde179cb4,bot_t3,0.0
502cdd51-9b52-478f-80bb-e144a7171fe8,human,0.0
503f5a9a-790b-4917-a772-3cf86ab7b5d6,bot_t2,0.0
507596a8-d805-43e3-8797-c490ea664df7,bot_t3,0.0
50a44a67-1fb4-498c-97b6-632232753e2c,human,0.0
510fa303-80af-459a-83d5-625853677333,human,0.0
51321cbf-cbd1-4ebe-85e2-5802fced9ac6,bot_t3,0.0
514ffe1d-b09b-41fe-9578-57a08a15404c,human,0.0
51501994-6a32-4492-bca6-e6ed72550a01,human,0.0
517e9f1a-2ff3-4d72-901f-97b43bb6fa7b,bot_t1,0.0
523d9b7c-4619-49ce-9ae8-ee343035a34d,bot_t3,0.0
526d6144-0d0e-43f4-9caf-5b962983be1d,bot_t1,0.0
527c2aed-b12d-4d47-a47c-414c8f443d59,human,0.0
529ea4bd-d99f-4244-9a6c-5bd69388fc0f,human,0.0
52a485cc-cce5-4c65-ba62-0ffccd597df0,human,0.0
534e632f-3ed1-4291-be8b-84352ad7d46c,bot_t2,0.0
53abdab6-04fc-40a6-84b7-a7d9f45f5591,bot_t3,0.0
53cf4635-379c-45d1-bf2e-54034edd20ec,bot_t1,0.0
53dadd9e-7eaa-4ba5-b55d-874291e2e0a5,bot_t1,0.0
541c9e4c-2396-4ed5-a6c9-8cdce5346f6c,human,0.0
5425fa0c-23fb-487c-83e9-ad761f4650d6,human,0.0
545f04c0-1523-4711-a1be-60824a161a03,human,0.0
5464a226-6cf2-4a4c-a554-77c4274cf302,bot_t2,0.0
546e6029-324d-433f-800f-eca8083aec78,bot_t1,0.0
54b44714-d45f-43d6-9668-8bfa177febf4,human,0.0
54c4cf51-f7b5-4960-9d55-180b63a63ba9,bot_t1,0.0
54c9bae0-2a64-4f90-9148-767c0e87cb98,bot_t3,0.0
54cc4790-802d-4663-9ae5-e64f98386ce8,bot_t2,0.0
54d9dbc3-0f51-43a9-a753-0033b28a04df,bot_t1,0.0
54e24cc2-578b-45f5-9e94-8fe264a47665,bot_t1,0.0
54eac48d-e1eb-4769-9ecc-e253fdf7b1dc,human,0.0
5529c29b-cce5-43f5-a280-57ae8e5e53ea,human,0.0
552f4592-acde-4086-bf27-010fa73ac06a,bot_t3,0.0
55a0f8bd-f839-4dd1-9be5-393860bdd658,bot_t3,0.0
55c0e5e4-c45d-424a-8ac6-85fcdcdb0748,human,0.0
562e7ee4-6abe-4de2-9f00-853b0e3366df,human,0.0
5638a330-31d4-4a07-8bd7-a85bd5f8c2fe,bot_t1,0.0
567f8e20-7d6c-4ab5-9594-bcdf87255327,bot_t3,0.0
5680df1b-f1d6-4b0f-8543-3c77a3aab7f3,bot_t1,0.0
56aa9861-b2bc-467d-8551-85fb067671fa,bot_t1,0.0
56c64901-fc9a-47d2-beaa-b650f0bf16e8,bot_t2,0.0
56f435d6-4404-4f8c-ae47-223b30a72b82,bot_t2,0.0
572a2168-85c7-4d7c-914a-16c90c3bf3de,bot_t3,0.0
57af8645-a739-439b-9210-44343f449be1,bot_t2,0.0
57c34b17-6b1e-4d08-bcc8-28ebe46b05dc,bot_t2,0.0
57ec008d-ecf2-4063-ab06-398c27a9c311,human,0.0
57fd3f38-1f0d-4f1a-a475-95e4e13a80df,human,0.0
584e43e8-331a-4f28-a29e-7b19b4862de3,bot_t1,0.0
58811cfd-6aa7-421f-b513-3fc33c95215c,bot_t1,0.0
58a3bc68-8237-441f-9d94-5ef37fa5c2ef,human,0.0
58b923ce-2b7e-4093-b2ce-5513288f9bb8,bot_t1,0.0
5933a160-9de8-4b7e-968d-5c10d9a7e188,bot_t2,0.0
59a5ffe7-6dbb-4066-a491-b73fa4867d06,bot_t3,0.0
59f94fb2-2a02-4b5c-a7d4-bafb2e410063,bot_t2,0.0
5a0b5b3c-8693-430e-9720-125c3ca0d165,bot_t3,0.0
5a0f995e-bc85-4438-9a51-cbfb74137e16,human,0.0
5a2e5587-e3ff-4b4c-8869-b532b7e13599,bot_t3,0.0
5a5f0231-2ce9-4748-bbaa-18d5b07110b4,bot_t1,0.0
5a957260-7408-4535-91c4-2efc43f9d183,bot_t1,0.0
5aab69e2-e80c-4e8c-a9fe-01d87457c456,bot_t2,0.0
5abf57e4-e564-4e0a-9d2c-1ea295a4b58a,human,0.0
5ac6e07e-4b32-4658-a633-ea5d6b28a279,bot_t3,0.0
5ad4b69e-a12e-4f95-bf15-ef16f4489c1d,bot_t3,0.0
5aef1048-43fe-4f01-8b86-bfc43c1ab512,bot_t2,0.0
5af40d08-b7e2-4903-9ef4-b6ad53d83330,bot_t2,0.0
5b3cf44e-91ad-46ca-9b78-24b15b7266e2,bot_t3,0.0
5b4bfce2-02e0-4526-9a57-d357788c5bb2,human,0.0
5b661454-54b2-4b1d-a6e4-52510da09d0e,human,0.0
5b82bed3-d347-407f-9325-d66f0b0884b5,human,0.0
5ba73b3c-4ed5-4e2c-8815-a3fab07b2f11,bot_t2,0.0
5bd902fb-52f6-460e-80c9-ebea0f784923,bot_t2,0.0
5c27c024-a933-4683-a66b-98a099d96fbd,bot_t1,0.0
5c2ec95c-b0d1-4f15-8b46-af1b420d3dcb,bot_t2,0.0
5c79d9ea-6e45-42a6-a5cd-8ef4f7f0ab0d,bot_t1,0.0
5c84bc98-cce9-4f51-9792-05db75efe267,bot_t2,0.0
5cae7dd7-b8e1-4647-9ac1-ed1a4c9fbcd2,human,0.0
5d5110c4-f3e8-471a-a18c-3955612096e1,bot_t1,0.0
5d6d3001-2896-454b-b85b-60065b8cd57d,bot_t1,0.0
5d806ccc-ebce-4e83-aa15-a9e7b7dd5573,human,0.0
5de79d99-3a5d-4fbc-8538-48eb6d1c8349,bot_t1,0.0
5e8d9b32-a520-40a3-83d3-9d390a5727a5,human,0.0
5f2f675d-5a92-46ff-a8b7-c3b08d1aa26f,bot_t3,0.0
5f335936-f580-41b1-b6b8-817a6a874c41,bot_t2,0.0
5f480c6b-7356-4c91-b10c-53abe2a1478e,bot_t2,0.0
5f7f8511-bab1-4519-bb16-0d4db8f7dece,bot_t1,0.0
5fd6e663-fd26-4b21-a727-c93f1ffafe57,bot_t2,0.0
60348307-b344-43f2-919f-20462990e26e,bot_t1,0.0
603c0415-a275-475e-b5b8-8aa8a76d3190,bot_t3,0.0
60b24e5f-8556-474c-8c2a-4fb54b3941cb,human,0.0
60dd84cf-570b-483a-a99d-9c0a5b6e2190,bot_t3,0.0
60e4a97c-66ab-429c-a125-a207f9250576,human,0.0
615367c5-3160-48e7-b2c9-bd8fe5176568,bot_t1,0.0
61618793-62cc-4e49-a75f-cf6d21891acd,bot_t1,0.0
61ae93fc-fd5a-4136-ac98-c05457db8077,human,0.0
61f753ae-29df-4cf5-8caf-3b84d67568f7,human,0.0
6209a6ac-7a20-4435-a37b-862710e5baa6,bot_t3,0.0
621e177c-6777-45c4-a39f-632ea02be27a,bot_t1,0.0
621e8ac5-19e9-438e-ac9c-76b45ec1440b,bot_t1,0.0
6232bb89-070a-41f8-a206-4ff094bba77b,human,0.0
623a8b58-6409-42a1-8658-5316f3bc0fae,bot_t1,0.0
6253d423-9b05-4be0-a8d3-8b061da010f1,human,0.0
62b5000d-2ad0-4cf0-9ade-8936717f771e,bot_t2,0.0
62cb7268-cdc1-47df-8388-61497cfa233f,human,0.0
62e01c18-ef7a-4430-85d1-cd01a20b8bef,bot_t3,0.0
62e2b6ab-980f-4dc6-85b5-a39aed7274f2,bot_t2,0.0
62fa3f80-78e9-49af-981a-475537d6e25c,human,0.0
633a9c50-bdfe-484f-bfea-3de674360bfd,bot_t2,0.0
63439b50-fda3-4526-9d61-b4574850a4a2,bot_t3,0.0
6352e0c9-497e-48b8-b7db-b738e6a0f980,human,0.0
63696a99-b776-4c36-a436-2d9801da5a01,human,0.0
637721d4-46c4-41a0-9e8c-355e9795729f,bot_t2,0.0
63982b28-bcd1-4a14-b68a-302aa624f217,bot_t1,0.0
63d75cf2-87c5-4beb-8760-2d8cd4aa4696,human,0.0
642f9c2e-c6e0-4a27-a2b4-2cafa93869bc,bot_t2,0.0
64aa447e-6851-44a2-99a0-c778c0ca2043,bot_t1,0.0
64d1485d-b2e2-4ba1-af11-2e60550c6e78,bot_t2,0.0
64e7cb3c-9d73-4eef-8a2e-c971cc0571ba,human,0.0
65089b00-3b7b-4900-b09c-2ce7a69615ea,human,0.0
651c297b-f81c-47cd-8743-510fcd0a2876,bot_t1,0.0
659d04b1-e681-4a45-86ba-64cf171e38af,bot_t2,0.0
6665b433-2267-4622-ab2f-0ca57bd08e8b,human,0.0
667a3296-56b1-4bd3-856a-7851c2e3f13b,bot_t1,0.0
66d93011-516b-4ad0-a7fc-44d3b604cc0c,bot_t2,0.0
6760efb1-24bb-437d-ba70-e627ef0313fc,bot_t1,0.0
67caec58-9f22-4927-85bc-4a67b793ab1b,bot_t3,0.0
67cb4b53-f88f-4cca-afc2-1e9858d89aa4,human,0.0
67cb722b-09c8-466d-b5b2-abce5f62453a,human,0.0
6804bad9-a623-47f8-b6f3-2258ad967d35,bot_t3,0.0
684c3fd3-02e6-4800-b58a-ce596450a9e5,bot_t2,0.0
687efb63-6aee-4d6a-9499-a58a8ab48087,bot_t1,0.0
68cb4400-b66f-4584-97eb-0e01427de2f4,human,0.0
68dce86d-00c4-4265-a267-319ed4478a5a,bot_t3,0.0
68fce6cd-829a-437e-8647-4fa7d50328ea,human,0.0
6920e6b8-238f-4192-a672-924f813c27a7,bot_t2,0.0
692f0691-ba64-4822-8d57-d6d08ae039da,human,0.0
694bd0a6-ebf8-4dd1-ba1a-26eaebb212da,bot_t2,0.0
694c3b7a-00c9-4ce0-96e5-b4dee87f878e,human,0.0
69539064-a321-41c8-9bca-be4053101828,bot_t1,0.0
69619c5e-29ff-45f3-8628-18b5a1424dee,bot_t3,0.0
6984bb18-3b24-454e-832d-673a24a7f366,bot_t3,0.0
698a7476-b91f-45f6-b55f-85922103d2cb,human,0.0
69e64d6b-28d1-4612-83d3-79a0352670da,bot_t3,0.0
69ec3aab-529d-4821-968c-9fabec101913,bot_t3,0.0
69ef222f-8f7c-47a8-b6cc-f26cc3dce08c,bot_t2,0.0
6a09ecde-b3b4-486d-9ac0-045eb452594d,bot_t1,0.0
6a136e66-bb57-4922-949b-1bc3b0c488c8,bot_t1,0.0
6a1e8ffd-48b5-4286-97da-c5d8e5c382d5,bot_t1,0.0
6a54be34-167b-4a19-9d28-c0f394c5e198,human,0.0
6a5541e5-137a-48d7-8379-277913ccee58,bot_t1,0.0
6ab4e0fa-c9ee-4ae3-b5b3-2313d9437193,bot_t2,0.0
6aef0101-68be-4520-bcb5-a369c0b88660,bot_t2,0.0
6b39d54d-e526-4179-8a5a-4297ae0406e3,bot_t1,0.0
6b47aa41-e1c1-4125-aba8-ee63895ca56a,bot_t1,0.0
6b84c918-1b23-431c-979f-95e6913853d6,bot_t1,0.0
6b9f7929-ae38-4799-9ea2-0fde76d97f87,human,0.0
6bce1691-6362-4307-b09b-b66b20d25691,bot_t2,0.0
6becaf12-7eaa-4285-a27e-a016b0073e7f,bot_t3,0.0
6c1025a8-a4b8-4708-bbfe-5c064dbdda1b,bot_t2,0.0
6c1e30f0-82c6-49fd-990e-1a472a34c435,bot_t2,0.0
6c3e4292-a2f7-4841-8090-a2ee560d9d76,human,0.0
6c61e2cd-df04-4fd0-a5f0-f9a8b81ec2ce,bot_t2,0.0
6c71809e-eb11-4cd2-86be-3e90fc37abe0,bot_t1,0.0
6c7b630f-2fdb-4864-b36a-c085ee6bfb81,human,0.0
6ca3d512-f3c2-4d26-8eb0-f1467b0ffcf4,human,0.0
6ca529fa-459e-4c4a-8098-b3855746217f,human,0.0
6cd651b0-4c3b-4e4c-ac14-7f897cdd89dd,bot_t1,0.0
6cdb7cbe-379f-4f71-9c5e-14f48278deca,human,0.0
6ce5d2e3-bec0-43cc-bd58-cdcd1ccf60e9,bot_t2,0.0
6ce8ab69-f61a-40f9-8713-affee5e21397,bot_t3,0.0
6cecf262-4000-4510-9bd5-210bf541feb0,human,0.0
6d2b6529-5be9-4235-aabf-2f96146c1121,bot_t2,0.0
6d31c19b-a7c5-44b5-a002-260ca4add07d,bot_t1,0.0
6d6f56e1-ecfa-4775-a09c-252c325c6472,bot_t2,0.0
6d77c202-c63a-44d1-a4cd-b098f9931a85,bot_t1,0.0
6d9e3e43-4c81-4ddd-a1f9-82781aca198e,human,0.0
6dbb476d-202b-4410-b106-345a9ad518cd,bot_t2,0.0
6e00ec0e-dc05-4e9d-be08-f51fc2c62569,bot_t1,0.0
6e46d38a-05a2-4477-813f-083dc44ae742,bot_t3,0.0
6e67d5de-3056-4df7-a159-4f63ee4a1b16,bot_t3,0.0
6e6a95d5-61fa-4782-9d1a-068bfeaf967d,bot_t1,0.0
6e7d32e1-6ead-41fb-81f1-1bc7046e31ec,bot_t1,0.0
6e985bdf-b70e-4c49-bc6b-8101d181b067,bot_t1,0.0
6ea52d28-a77f-4c99-9459-65ba412927ae,bot_t2,0.0
6ecd2725-8429-449d-8e1d-7a13d4ca578d,human,0.0
6eda06d7-b13a-4255-8438-6110ebd9e3ab,bot_t1,0.0
6f387df8-f08f-440e-81a3-1dafee51acd9,bot_t2,0.0
6f3f0b90-34ec-4aa9-b021-e5826676791e,bot_t3,0.0
6f521a7d-0b01-4f4a-934c-5c8b9c4c3cd0,bot_t1,0.0
6f5fd4df-2934-4cb1-a686-570f5a8744b5,bot_t2,0.0
6fb8538d-8e64-4de4-acdf-8e7bdc46b422,human,0.0
6fe19aae-b97a-41c2-bc82-2aa4477c3ffc,bot_t2,0.0
700d5c41-b444-4f2c-b70d-64fea26fcaad,human,0.0
703c8b92-8f24-4fbb-84bf-9434eb741c83,bot_t1,0.0
7083159d-be58-416c-9f91-9dd01c966b20,human,0.0
7091b948-5253-4833-8050-9fc6826fe2b5,bot_t2,0.0
70a05e39-87a7-4db8-ae21-cf2fe9d8bcb8,bot_t2,0.0
70c5d7cf-5f36-4d70-8c3f-54da063e17ff,human,0.0
7110cc57-80f0-4fdc-95c8-7379dcffb98d,human,0.0
719dc021-deb9-4d3f-a35f-c0a8e9cdfbec,human,0.0
71a03ad7-0f27-48f6-8596-b4c85f9de445,bot_t1,0.0
71a675ea-07c1-480a-a4d3-b19654ddad36,bot_t2,0.0
723b7a08-002c-4da1-a70a-d80416b38c7c,bot_t1,0.0
7248ad39-8a4d-4e0a-ab0c-0e9f909489cb,bot_t2,0.0
72c4f674-a7f1-4e7f-8d3b-4ca43babb6b2,bot_t2,0.0
72cbd8ae-c459-494a-8614-958b1da23639,bot_t1,0.0
72dac277-b702-49ec-8c9c-64a56ffefd42,bot_t3,0.0
733a445f-4ad4-4d06-a49e-4b217f6c8e62,bot_t2,0.0
73442c8a-755e-4e45-a9bb-73c60f2cb9b6,bot_t1,0.0
73455c30-b8dd-497f-9e41-837976f1603d,human,0.0
740d04f4-e5e2-4d62-9b4d-fbb87e4c792e,bot_t1,0.0
743428ed-39b0-4fc5-8fff-11f7feef2ca9,bot_t1,0.0
7496d7c5-75b5-4a85-bf49-eba9cbdf68d6,bot_t1,0.0
74d9c256-c6bf-456f-afe6-6cd0ba5514c6,bot_t2,0.0
74ff4faa-51f0-415d-a8ce-7320fe5e2541,bot_t3,0.0
750318b7-31c9-4fda-8696-a25674f3223c,human,0.0
75104ea8-079f-440d-8e9e-5e203e788e30,bot_t1,0.0
7544250d-9e33-4b35-952b-139be2eec920,bot_t1,0.0
7576f55d-f974-49ba-80a6-eb4fdeba0bb7,bot_t2,0.0
758491a9-ad22-4951-9688-0232421f453e,bot_t3,0.0
7595a8b6-e378-46b1-a802-b78ffe9d8037,human,0.0
75d1d5e1-a8e4-4ab6-8609-b32f54b6b78f,bot_t2,0.0
75f1cecb-2173-46bf-a177-918e53230aa2,bot_t2,0.0
761b3a00-e085-4a73-86ca-42d69ccf493e,bot_t2,0.0
766a9ca4-fdc6-411f-9eaa-4d585ebe7d8d,bot_t3,0.0
766dd898-4c4f-4948-b87d-a3802dbe5baa,bot_t1,0.0
7688916c-4be8-4126-8936-4e5b249ea893,bot_t1,0.0
76cee3f4-d569-4137-a653-8924335f84b7,bot_t1,0.0
76edd824-a3f8-4c81-bc4b-5aa3b338ac5f,bot_t1,0.0
77277732-36f7-4e9e-a057-bf7615990d12,bot_t1,0.0
774207e4-b2bc-4391-8c6c-bae5c66a3408,bot_t1,0.0
774b5412-86e2-4983-8d2c-d576cc62284f,bot_t1,0.0
7770cd03-52d0-4ff7-b7fd-2498f4f4dc84,bot_t2,0.0
77a37b4b-8029-4946-aa73-45e901ee1f94,human,0.0
77b27977-dc78-49af-aa70-dbd5649d9722,bot_t2,0.0
77f377d4-effe-4342-b809-c96c6e07f852,bot_t3,0.0
7803ad0e-c4d7-4c9c-a873-7bdaa75239a4,bot_t1,0.0
78277c7a-396e-4b7d-8e8f-356486bad202,human,0.0
78301256-db7e-4eaa-a25e-abc459ccfbcb,human,0.0
783164a7-3ab4-451a-9951-ab8849156106,bot_t1,0.0
78aced19-e55a-4a4e-bb59-594964e7d5b1,human,0.0
78c2bfe6-a5a0-45f4-9870-4f69d5bcb344,human,0.0
78dc33bf-8426-48fd-83dc-d5028b0fa681,bot_t2,0.0
79e78aa8-e904-4b98-867b-f7c1f081ebfa,human,0.0
7a2402be-1581-4660-a658-c685f193189f,bot_t3,0.0
7a2b6577-cecd-466d-a55d-d8fcfbd76fdd,bot_t2,0.0
7a7f2c8a-d3f4-433f-8d64-ccbd48eb77e1,human,0.0
7aee4b9c-da32-4aea-80c3-6031a8e178f3,human,0.0
7b03c24d-6f22-41d8-87c5-207ecd085d7e,bot_t2,0.0
7b15cfc1-970d-4527-ba7d-6cb4d79b4093,bot_t3,0.0
7b1aec09-963c-4385-9087-25be27094f5b,bot_t1,0.0
7b266a1d-9099-4ffb-b918-eaa3b23c2d89,human,0.0
7b3ba4ad-a0cf-40f3-9a2b-aadbc19f3986,bot_t2,0.0
7b736ffb-70e2-47ed-8fc6-dd9894ec6d5d,human,0.0
7b9d4114-ae35-4d6f-93dd-d48c7f438a7c,bot_t1,0.0
7bc5d792-6916-467d-97db-3f8683aca0d0,bot_t2,0.0
7beb5855-f088-4526-9f7d-4bd37e90a1a3,human,0.0
7c1deadf-66d0-460e-9ad5-de2abafcf69b,human,0.0
7ceac16c-75a7-4d6e-89f5-6d8e54bc40d5,bot_t2,0.0
7d0a5758-dfdf-4ed4-a411-8ee6af4d5787,human,0.0
7d127509-c9e3-4f8c-824a-c1c529be54f2,human,0.0
7d94f154-095d-43cd-a6f8-2bb56d1ed697,bot_t3,0.0
7d977df8-d1ca-48c0-85fa-8746c85f2923,bot_t1,0.0
7d99732e-27bf-41fb-acd4-55c908858118,human,0.0
7dabfd32-660f-4b61-af04-e8ce960ef121,human,0.0
7de4da31-97a5-4e96-9b37-463991d9ded9,human,0.0
7de93f49-8a67-44a2-add8-dcabfe2d49d8,bot_t1,0.0
7e096811-3df3-4ce4-946e-b12e9a431d61,bot_t1,0.0
7e7a6e02-6ea6-4291-bbfd-c1ba2713c8a4,human,0.0
7e8f461e-14af-4094-9269-eb5067030285,bot_t2,0.0
7e986d30-0db6-4cf5-8005-d5a92c499dab,bot_t2,0.0
7ee2f60c-37bc-42e3-981e-ed85baf25934,human,0.0
7ee63397-deb1-4f07-a104-bff1d610b6ca,bot_t3,0.0
7f2b9874-f4fd-47bf-96e0-8b622d53b3b8,human,0.0
7f36644b-2fee-457b-b5ce-b2c6f95a56fd,bot_t3,0.0
7f6ada23-c2e2-4b2e-a38b-6f25e58a7658,bot_t3,0.0
7fa3f3be-21f1-4e14-ade2-6b8e5d52a3e6,bot_t1,0.0
7fd9e3c2-00bf-489f-9272-745f2f6d8316,bot_t3,0.0
7fe53630-ef79-4ff6-a37d-3b1bec5f3bdb,bot_t3,0.0
7ff14153-4161-4d0b-9891-0a07c57fad7a,bot_t2,0.0
7ff209f4-17b0-4945-abc0-b1f23eab5f41,human,0.0
80007bad-7635-40cf-8f67-0ed39d5b5925,human,0.0
801de140-6f77-4141-8d79-eca3c08ea794,human,0.0
806b8bf9-9c18-4ada-8fac-be88f5aa8059,bot_t2,0.0
80bf166d-6a80-4adf-bb50-917d47730691,bot_t1,0.0
80c89015-6dae-4a0a-9e46-58d82e86258f,human,0.0
80ec6c9b-9b04-42cd-904b-a0aa0c1ac933,bot_t1,0.0
80ed013b-df81-4191-bc66-77bcbe01b6f8,human,0.0
8149ad81-f057-4cfe-afed-7afa2d481d50,bot_t3,0.0
81558dd4-4ec8-40c4-8b4a-13d905b3d1cb,bot_t2,0.0
81970652-9f76-4917-b8a1-03af59f2a75c,bot_t2,0.0
81b06b07-71f0-46d1-afd2-89b538290ed2,bot_t2,0.0
822ca561-8875-4653-b8f1-a2d2368bb76c,bot_t2,0.0
8284e3d3-49a4-49be-9357-1b075c937336,bot_t1,0.0
82b34303-f281-4957-8557-dc178e8498e6,bot_t1,0.0
82d7829c-4e60-406b-937f-fb23a2251bb4,bot_t1,0.0
82e084e0-f055-4c75-8313-c6ebfc004cff,human,0.0
831c6dbf-9c78-4e54-b372-bdd3cb88bcf1,human,0.0
83ab2238-e9fb-4795-ba61-43d1dbd836eb,human,0.0
840457e9-15a8-4ffb-9834-8b307b33a498,bot_t2,0.0
84073b59-57ac-4810-af3e-b24bd4a6208c,bot_t2,0.0
8412869a-9d06-4bab-a1b0-30531f462f3d,bot_t3,0.0
844131d7-4977-41d6-935b-9f7d5f4776d6,human,0.0
84c399c9-c877-41b8-ad4f-d0b171742dad,bot_t2,0.0
84cfe974-4c8f-4db9-96bb-acaf618e9b2a,bot_t1,0.0
84eaa3f6-9590-4e15-8666-7d437522382d,bot_t2,0.0
84fe9a2f-74fd-4ce8-afd9-92dce7c809b6,human,0.0
85040940-ad1f-4607-b50b-cb379201ec1c,bot_t1,0.0
85339a2c-12db-4f9c-b850-264363829a93,bot_t3,0.0
85a4651c-dac2-40d1-a7d8-174435c99da3,bot_t2,0.0
85b0ff9b-6afb-417c-856f-e9cccac24567,human,0.0
85fecc03-8b5e-44a5-a557-45fce5009c30,human,0.0
860571b9-f7e2-4263-962c-ea1279a2b0fe,bot_t1,0.0
8689d11c-31a0-4421-aa85-4147471ff66f,bot_t3,0.0
8751c64f-1703-4670-a2ef-a722ebab6de3,bot_t1,0.0
87595af2-1a2f-42fb-a631-67d6759a7b02,bot_t2,0.0
875ba6c8-52cc-4beb-88b3-0d3cd6c9fece,bot_t1,0.0
878aa445-4f54-4101-9199-82f23c0f1c49,bot_t3,0.0
87a0ed52-9c1d-4ab4-8e4e-e332dee1dcf5,bot_t1,0.0
87b1aa16-f86e-4f74-ba93-3757f4800d64,bot_t2,0.0
87f4a194-e0e8-41f6-98d3-3074c02953ec,human,0.0
87f52d99-d5d6-4de0-82db-663b8afe4f13,bot_t2,0.0
881bd888-a0fa-4871-9510-515392aece56,bot_t3,0.0
8844b517-aa39-4d82-8c79-22c76e653fd1,bot_t2,0.0
884e2bfa-f058-4be6-990d-da85e6539a6d,human,0.0
88959e20-fc06-47ef-9312-bc9b738539e1,human,0.0
88d42210-c30d-42e4-9530-2b2fdf257d25,bot_t3,0.0
88df665f-0861-421a-8dbf-ee02ce2642ef,human,0.0
88e13b2b-cb37-45c0-8447-9806d5e6da17,bot_t1,0.0
89d8a917-523b-4dd5-b6b0-9096a965c7cc,bot_t3,0.0
89e58735-f6a5-4182-a0ab-36a2c0487ace,bot_t3,0.0
8a0f11cc-b46c-4b8a-be13-41aed8ad57cc,bot_t3,0.0
8a215da0-a038-4bb5-9cc8-2289bd1316ab,human,0.0
8a215fe1-96c0-47b6-96ce-33322ff08951,human,0.0
8a2c7267-17cd-4b8a-91b1-1e89e1e89c17,bot_t1,0.0
8a38af78-b99c-4393-bb38-879c3249a917,bot_t2,0.0
8a39fb6f-6d26-4664-94d3-176a255d8ac7,bot_t1,0.0
8a830327-c9c1-48bf-910c-3dc051a60af6,bot_t3,0.0
8affaa67-c75f-434b-93f6-f4d687cb030f,human,0.0
8b3956c4-73e3-40f9-8838-14a404c84f61,bot_t1,0.0
8b9aad75-2d70-4a48-b629-d24b7ee0a407,bot_t2,0.0
8ba08e23-b49c-4018-a9cf-bdfa5c2e7b6e,bot_t2,0.0
8bb7f412-5a9f-4c88-9e10-72761e93da1a,human,0.0
8c0d3011-00ea-4a1e-afe8-51ccc3ca8cc3,bot_t2,0.0
8c2fa30f-a32e-4be9-bcac-e5e12453a756,bot_t1,0.0
8c4ec764-276e-499e-9dd8-c7f1aa396515,bot_t3,0.0
8c55beb5-4c7c-4158-bde5-420e9aa0d399,bot_t2,0.0
8d32c63c-22ea-460b-ae58-cc4002ae0cbe,bot_t1,0.0
8d46b0b0-ca49-454a-a0e4-12d04d1ab3ed,bot_t2,0.0
8d74db0d-7277-4d6b-a130-2a2f1912647b,human,0.0
8d7f339e-7d39-4b76-8525-afac889e9438,human,0.0
8e065f93-2322-43cf-83a5-a8bcf0e97e4e,human,0.0
8e1312f1-9e75-4b3b-a6a0-f81c5c049c3b,bot_t2,0.0
8e47b355-8e84-4018-866c-4a9152bdbe3c,bot_t3,0.0
8e54e2e1-4527-420b-926a-57ea940996e2,bot_t2,0.0
8e862bb2-e573-4eb0-9e5e-89530266272b,bot_t2,0.0
8e990882-d89b-4e56-9bbc-75f74c2b6381,bot_t1,0.0
8ee4985d-a71a-48f4-b2b3-7b883ca10da3,bot_t3,0.0
8f0e39b8-84cb-4bf9-bc32-1b0eeb0dcf4a,human,0.0
8f1160d2-f003-4e92-a0c3-04977b4025a6,bot_t3,0.0
8f5a15ea-69d4-4b7a-ad2a-a0cb5ef2aeec,bot_t3,0.0
8f602291-17ee-40c0-bdf7-a1bf40be5d57,bot_t1,0.0
8f6093d7-0649-47fd-8d7d-521741101205,bot_t2,0.0
8f9ca956-4848-4d4b-bb66-2f53c3a4b309,human,0.0
8faa3693-7ede-4ebb-8174-1fa556e4f5c0,human,0.0
8fb46bbc-7a1e-401a-b666-8aea81627152,bot_t1,0.0
8fbe1e56-3078-4fba-bb7b-e31cf66116d2,bot_t1,0.0
8ff87133-8ded-4c15-abcf-f8c29989b7d9,bot_t3,0.0
90181ea7-991e-4c46-9125-d4f60a6dc9ad,human,0.0
902f9221-878c-44a8-ac3b-e73b4de2b9c0,bot_t2,0.0
9036f75c-ad27-476f-bbda-ac5babc65216,bot_t1,0.0
9038f4da-a212-4889-b930-bf895cc952f4,bot_t1,0.0
9042d078-e3f5-4f9f-a086-268929da31fa,bot_t2,0.0
906d7655-84e5-4700-b480-d1af838d22b3,bot_t1,0.0
9075137c-6cee-4f49-964c-3cf2870b8457,bot_t3,0.0
9079d5d8-1b27-4b44-9a49-b1a27ca14c4e,bot_t1,0.0
912481dc-8ed1-46b2-a448-507acb2b340d,bot_t2,0.0
9148fb5e-213a-4ea5-bb4a-73de519d5d83,bot_t2,0.0
9152cfcb-8eb8-48b9-9581-4a416102caa7,bot_t2,0.0
919558e1-e7ab-482f-a37c-738b3ba796d1,bot_t3,0.0
91c325c7-f55b-4bbb-88e3-9ddb07d7368b,bot_t2,0.0
91c3c552-0612-496f-b7d0-97d2ed7b6f75,human,0.0
924dbb18-08a3-4944-8549-e6602dfd96c7,bot_t3,0.0
926caef8-7024-45f0-a667-8d234d9711f6,human,0.0
927b67ae-bf17-4332-a122-0f9d0dcb1aba,human,0.0
9292d6c1-7698-4a81-a177-fddaa59605a5,bot_t1,0.0
9295fdee-cab4-4a22-949d-b67f6416fc68,bot_t2,0.0
9389a57e-c79a-4585-8f16-f0f4cad7fcad,human,0.0
93c80ba1-a0c2-40d2-bc34-ff29ce29c0cf,human,0.0
93c949b8-4a51-4dc0-806b-8c0a9c1ca068,human,0.0
93d89779-5a33-4fda-964b-b0288120ecb2,human,0.0
94387037-1f6d-4e5f-b8c5-553764f43140,bot_t2,0.0
943cdc29-320f-4820-a945-5d0fc86450ba,bot_t3,0.0
943ef6c2-8bd8-4dd2-9153-b78efda93e95,human,0.0
945ec1ea-f708-40fc-8814-97340f944823,bot_t2,0.0
9479ebd3-038d-4404-8ecb-9f0809338e2f,bot_t1,0.0
947f4da5-c9eb-447b-af18-2ad12d758b44,bot_t2,0.0
948ab906-a1f3-47ad-a5cb-1603ca6d9226,bot_t3,0.0
94db2247-38a6-4fb1-9ecd-9a58f3f7b431,bot_t3,0.0
94eb09e9-6903-46ac-a18a-e46e370425d1,human,0.0
94fc72d7-635c-4935-a874-5ec8254cc114,bot_t2,0.0
95598dc3-348e-4a66-8a86-814b70bc1a8e,bot_t3,0.0
956dff0d-ebe7-4259-9216-fd4ba25840e2,human,0.0
959b5916-525a-469b-be5c-025a383601ef,bot_t2,0.0
95aa8d76-f3e6-49b9-824d-d429f2ea41b0,bot_t2,0.0
95d3a5e3-169b-4ef4-bc4b-595dbb157cfc,bot_t3,0.0
96024c02-d1fd-45b0-8c49-a1a316798b17,human,0.0
9605d95f-9170-4c4c-ac3b-241dcc6eab37,bot_t2,0.0
9616528e-6fc8-4995-b2c2-1a1fda7fcfe1,bot_t1,0.0
96952799-d3b2-4c28-8455-cad8baf6d466,human,0.0
969cc49e-e559-43ad-9ba7-3a9af391bdab,human,0.0
96c16ee9-1374-469d-b136-5135be885d57,bot_t3,0.0
96e802d2-4ea5-4a1a-91c6-cb0a9f87d172,bot_t1,0.0
970dfb6b-0587-4f14-94a6-23611b295bee,bot_t2,0.0
971ce1b1-7117-4ded-8abe-44d9dcfdab0e,human,0.0
97257d96-0cbb-4be1-8269-2bdb732b0e7f,bot_t1,0.0
97401ddc-0bf8-41b8-9915-cb3f9ce41a5b,bot_t3,0.0
97835cdd-942d-4b94-8850-d4130108fdf7,bot_t3,0.0
98072d38-243b-4a71-8373-f36ac60f4224,bot_t3,0.0
98140a9e-7351-481d-8458-18d72e7e0c78,bot_t1,0.0
985fff4e-9386-4de3-bdf1-89197d220c48,bot_t3,0.0
98923a46-f4f1-445c-a264-f420d3991594,bot_t2,0.0
98a3aa79-51cd-4b34-bd34-32c2778da5fb,bot_t2,0.0
990fa7f1-4b7a-461e-9c54-b53d4898b2e2,bot_t1,0.0
996d50d6-a68a-4416-80f5-75caccc6067a,bot_t1,0.0
99b187f9-acc9-4ee1-9c09-af4fca16c17e,bot_t3,0.0
99d25db2-dc61-44ff-9629-45c715041899,bot_t1,0.0
9a05c45f-5140-4526-9ba9-6d00a72915f6,human,0.0
9a75e8d1-c2a1-495e-8dd3-8699b8c9a197,bot_t3,0.0
9a79850c-15a5-429e-99a4-08fe61745aa0,human,0.0
9aa2ea84-cf94-4a63-8a58-6293aab1777c,bot_t3,0.0
9ad9083c-e8e3-47a3-89b8-7f81440d2e92,bot_t3,0.0
9afdd15d-07d4-4a61-97e1-2fd2d3a03eb2,bot_t2,0.0
9b053c3a-dd6b-49cd-a040-e5b146fbcbff,human,0.0
9b587c67-330a-4fcd-87b9-52027594362e,bot_t2,0.0
9b8f084e-619c-43c9-bb5c-d760691cd453,bot_t1,0.0
9ba9a10f-3677-45f6-824a-fd4b5f492ba6,human,0.0
9bd5b9ec-8db1-4102-bf47-64a68c930783,human,0.0
9c509fb7-4363-436a-900b-ad8e922ffb5d,human,0.0
9c790b76-c5a5-4ecf-95b6-cfa8f4438b9a,bot_t1,0.0
9c8360f3-4ff7-4204-bf75-72f42da2aa4e,bot_t3,0.0
9c90d47c-ae32-4c7f-b7b7-e3134185da62,bot_t2,0.0
9c91c08a-b274-4f0b-a5e1-1310244c02c1,bot_t3,0.0
9ca2956a-6ce1-49ec-bc4b-1721dff63c8b,human,0.0
9d08a30f-1c06-42ba-9c05-9048a22ef7d6,bot_t3,0.0
9d14e1bf-f122-4eda-ab5a-5ba0ad64fc4f,bot_t2,0.0
9d49b4a9-7820-42d0-9ac7-c511ff82d6e4,bot_t1,0.0
9d94dff4-6d53-4323-8597-75512c813fd7,bot_t2,0.0
9d9df1b2-726d-4e27-9436-d46bdb22125e,bot_t1,0.0
9da8f0aa-a77c-400a-854e-3708e987f7d2,human,0.0
9dbbf3a2-d464-42b3-b146-d18a9545ef75,bot_t2,0.0
9de48113-5377-4ffa-abdd-3a011a3bed7b,bot_t2,0.0
9e029eee-a94a-41bb-a273-72d14ab3c0b9,human,0.0
9e56db16-cb7f-451f-b039-0e139266c713,bot_t1,0.0
9e651bad-c78c-46a9-9c4f-d15da9ad5bb4,bot_t3,0.0
9e8d1cab-ea02-429a-8a26-35b2334df6c3,bot_t2,0.0
9e91b546-27a4-4639-97d5-11128ae0a85e,human,0.0
9e9cbdf6-06fb-4459-a06a-4791165af019,bot_t3,0.0
9ec49dae-0946-480e-825c-2d5f008fbe13,bot_t2,0.0
9ec59d6b-9db6-4df5-b45c-38369621d4f1,bot_t2,0.0
9ef33619-688d-48f9-9484-6c10636e8e72,human,0.0
9efa2c81-c82c-4c13-bfe9-662c1e7b1964,human,0.0
9f225154-2ea4-419d-85ba-61071cc43ec8,human,0.0
9f6df387-2ea2-4ef5-af6d-bc484f9f2a0a,bot_t2,0.0
9f785fd6-ba5e-48ec-bd65-ead04cbe0d71,human,0.0
9f824bca-1237-454e-975a-163a2d50d82d,bot_t1,0.0
9fb46736-086b-4b5a-bb59-beb53aec0ffb,bot_t1,0.0
9fc155c9-e4bf-4b69-878e-917991711f7f,bot_t3,0.0
9ff39f1f-be8d-40fa-bcd8-b4d34038e9f2,bot_t3,0.0
a00c3ffe-aca4-4aaa-a4bd-30aefce843e5,bot_t3,0.0
a0560008-f4b1-49c9-9f55-10c351ae4036,bot_t2,0.0
a07a34c0-fa1d-4024-a9a6-3a07f86128b0,bot_t2,0.0
a0c1441b-187b-425b-a955-77dae23d895f,human,0.0
a0d3b6a5-eb3d-46c3-a14b-a6eb0a036e26,bot_t3,0.0
a1168e6f-775a-4c11-940c-904add943ebf,bot_t3,0.0
a1745bb3-3a84-414c-a1f7-d10b180f92f3,human,0.0
a1891934-9891-4cca-a408-a5ed079025eb,human,0.0
a18b85c1-da6b-4317-9bb2-40e40957cf4c,bot_t1,0.0
a19d22fd-bf6c-4293-b9a0-7c6474afd9ae,human,0.0
a1a80e21-9cc8-4b88-b6d3-8756dbe1fe58,bot_t1,0.0
a1e15e04-18c0-48fd-9303-01d95ac9d370,bot_t2,0.0
a1fa2cf4-f5e7-47a2-90fc-d6d009f0d5b4,bot_t3,0.0
a2084a08-ee47-407e-92a9-248cf993cd89,human,0.0
a240e359-700c-47e7-b4ab-0aa842b05249,human,0.0
a24415a7-fa27-4369-8f5c-f3d2004edc7b,human,0.0
a2a16c5c-12ad-4865-a684-51e90f304f57,human,0.0
a2ad0d7e-b7d6-4b85-9ea8-e6b74d39bde0,human,0.0
a2b2561b-f1cf-411e-81bf-b8a85eb549b1,bot_t2,0.0
a2bb948b-c4e1-40e2-bf2e-6ff8e2952091,human,0.0
a2f07f55-086b-42a7-93e5-d590909c5224,bot_t3,0.0
a2fe6228-314e-4823-ac01-26f622c73176,bot_t2,0.0
a34446ee-5aaa-4daf-9af3-74a2d9ead1f3,bot_t1,0.0
a356564e-bb08-4f24-b671-59548b55ee8e,human,0.0
a36ce762-3ee5-4b3b-9054-07e41cdf33da,bot_t3,0.0
a39ed7de-6bf7-4d13-858b-3406a51b5171,bot_t2,0.0
a3d18c95-3d05-4f8b-9bb6-b72dbe038c44,bot_t1,0.0
a3f37511-633c-4717-ad5f-694123a4ac1e,bot_t1,0.0
a403fc1e-9fc6-419e-b8d8-0b62f5f386a7,bot_t2,0.0
a4483f47-de0f-49c1-80b0-850d914c956e,human,0.0
a47f286c-be45-4b76-ac48-e89c2b776291,bot_t1,0.0
a4b375c7-0b3f-40dd-b1f7-6a6506ba3a06,bot_t1,0.0
a4bc14a9-f76c-44c3-a931-4b245cfd2f41,bot_t2,0.0
a4c491d7-5526-4155-97ff-9a2efb59abf5,bot_t1,0.0
a4dc173e-f826-4e27-9482-eeef003a80af,human,0.0
a4eb0596-c73f-4f3f-a38c-e392b7ce2c9a,bot_t1,0.0
a5001d3a-05aa-4c94-89ba-31b346bbcad1,bot_t3,0.0
a50208fc-ec04-4637-bbd3-d10efed6168d,bot_t1,0.0
a5117ec0-c09a-4c88-b149-acc79c33ee8d,bot_t1,0.0
a53a998e-26d3-4cad-bab6-2235f42ebf95,bot_t1,0.0
a5b9a50c-d72e-4628-8b08-c70a347c70ff,human,0.0
a5c5f04c-6d93-46d3-b1c7-3e1ac316eafb,bot_t2,0.0
a60b0ee8-c75b-4795-bd21-16abd2efdc24,bot_t1,0.0
a6116477-de2e-482e-9c24-7ef48b3e77d1,human,0.0
a618d91d-aed9-4172-85bf-69681d56aca2,bot_t1,0.0
a61966fa-429d-4d72-81cc-06d69b1a241e,bot_t3,0.0
a62c89d7-0c04-4449-b09c-d665d13a5922,bot_t1,0.0
a66c1418-3fe2-400e-8a43-518593cef9eb,bot_t3,0.0
a67481ff-7974-477f-a52e-65db39447623,bot_t1,0.0
a68a3680-ddd3-4ded-91f5-3373455beb73,human,0.0
a68ce6ec-1d9a-4215-884f-7f627cc390a8,human,0.0
a6a6e7d5-c1f3-452d-9ccc-f50b59ad746d,human,0.0
a6a98c1e-3f6f-4d8f-9979-2759a6608e19,human,0.0
a6b701b3-fedf-4dbd-8e60-5b4cde9e99f2,human,0.0
a6bf139c-5765-417f-923d-5a504d15a049,bot_t1,0.0
a6cc5b36-3b53-48eb-aa47-b409465a4d3f,human,0.0
a6cca658-a9c2-4214-9416-b084e346c2ac,human,0.0
a6ce53e9-e933-4ab1-a29b-94c90ae73707,human,0.0
a7076837-b462-40e9-afea-6cc16178e59c,human,0.0
a772a1eb-f07e-40ad-8817-c6451204c797,bot_t1,0.0
a7a619eb-6c31-4e4d-be73-19673f08e24e,bot_t2,0.0
a88153f3-44e8-4864-b551-6563b4aa4dde,bot_t2,0.0
a89fa421-79d9-4b14-b0ee-51b108a53a96,bot_t2,0.0
a8f0e9f7-44ba-4a52-a1ab-633376e15fd9,bot_t1,0.0
a91af080-ffb7-4f3c-8de1-de5dccc44d68,bot_t1,0.0
a94a312a-e61f-48c4-8743-375db5c0a564,bot_t2,0.0
a9617c27-0149-4af8-aeab-0b3e3ae84c44,human,0.0
a99bf05c-7788-4d5d-be10-1ef897f19e3f,human,0.0
a9b1326f-9915-4f6e-803e-20039d559d6c,bot_t1,0.0
a9f64f4d-2904-4d71-8e2c-ac28f627593e,bot_t1,0.0
aa44f61e-e36e-47b5-86f2-18b264e41889,human,0.0
aa52f18e-c124-48e7-b3c8-1a5f5e9167b8,bot_t3,0.0
aa863f18-80c1-48dc-9b76-b781f4de2fbd,bot_t3,0.0
aa8af155-c24e-45ec-9b1c-30a8f82bdbe3,bot_t3,0.0
aac1f0c3-f343-4ea0-8bd7-4a8758cfe299,bot_t3,0.0
aaea8c26-8550-4c6f-a71c-ef6c8a676554,bot_t2,0.0
ab1970b9-666e-4e5a-8b66-b5b3d8193342,human,0.0
ab431595-f634-4100-b72f-a01728eb5fde,human,0.0
ab4c2056-c398-49f3-8f06-2e6d54ed2ce3,bot_t1,0.0
ab5b5584-6bdc-4861-b096-9830ed303e01,bot_t3,0.0
ab982ea4-c4ef-4500-a7f7-218ab3fb3cd8,bot_t2,0.0
abe30606-393a-4f1c-8df2-3f03613787c4,bot_t1,0.0
abf5855c-8c7f-4768-991b-2faf2a0397f8,human,0.0
ac9cf507-672f-47a1-afc4-51bf03697d86,human,0.0
acc738ea-847f-44b0-baf4-730369f8ecd8,human,0.0
acd89374-2980-449a-8048-700ab14b2ca2,bot_t1,0.0
acd90072-d05c-4d56-8461-eca806962142,bot_t2,0.0
ad2551e8-c830-4899-9dc7-56fd9f4c23e6,bot_t1,0.0
ad442b75-fab9-4f82-b389-bbb21548e7c0,bot_t3,0.0
adcb66f7-fecb-4268-ae01-98318bb6df09,bot_t2,0.0
adcd7c0b-05ec-4ac5-9ca9-f61fb5036f74,human,0.0
ae038e25-fea5-43a7-a4d6-2d1c7f5b18a8,bot_t2,0.0
ae07a2ae-2e5a-4b22-bd53-c806822580b8,bot_t3,0.0
ae41c177-c83a-455b-ba41-cd13c99a0471,bot_t2,0.0
aebd66e7-bb08-4287-a645-39056dfa8341,human,0.0
aef533db-8e79-4ecc-a720-d23d515106a5,bot_t3,0.0
aefd40d2-c48c-4af8-b342-8be83f7670ee,human,0.0
af051a42-db3a-4a2d-a2fc-3cbe9a695e79,bot_t1,0.0
af49b62c-d33c-420c-9bba-90d0d3f5199d,bot_t1,0.0
af6e5735-14cd-4268-9ec2-02ed1380053d,human,0.0
af90d891-d96a-480d-b64a-6c4989e7774a,bot_t1,0.0
afe72827-3190-41e3-bb14-a707ffde944f,bot_t2,0.0
afe76737-d07e-4b2d-ac11-6383afc54df8,human,0.0
afeddf09-d5a9-4039-818b-978a2b805168,bot_t1,0.0
afef2cce-2815-4602-a81d-eadc2dcc33d2,bot_t1,0.0
b071df43-b9b0-4174-a4a3-38b59ef62732,bot_t2,0.0
b08d22c7-850e-4ff0-8a85-d64a512f42b2,bot_t2,0.0
b0e8055a-c0ad-47d2-955c-6b31dff2b978,bot_t2,0.0
b0ed2343-3aa2-49ac-bef1-2df2f9486797,bot_t2,0.0
b0fbf993-aea8-43c8-99f9-79b69d8e9f8e,bot_t1,0.0
b10ca337-e48e-4532-8e3e-d33db2fcafbb,human,0.0
b11fb1d8-ef1e-4fb7-af2b-0f21567b1d56,bot_t1,0.0
b1408ce9-41f4-443f-a1f6-bbae3f930acc,human,0.0
b1704017-6206-4455-afd4-9a624d5256cc,bot_t3,0.0
b1c414b1-6783-460f-b19e-b7ac228b6710,bot_t1,0.0
b1cdbb8d-a4cb-4b18-a0c8-4b9d9dcb80be,bot_t2,0.0
b1de5a4f-e86b-4b61-b72a-b9b1fd5ea33c,bot_t1,0.0
b22a3929-70d3-4a69-8cc9-7eface4f3f49,bot_t3,0.0
b300d8cc-946d-49c0-bce6-8b6d820135f2,human,0.0
b31fb6c4-6ab1-43cf-99d5-4b4d88dbd88b,human,0.0
b32d1cb8-7457-4170-ab05-1ee4fb009eb3,bot_t2,0.0
b33ef9a7-a1a6-4afc-84db-7e047e42b9f6,bot_t1,0.0
b34108b7-f0f4-414a-9255-4b7dbb5a1a75,bot_t2,0.0
b362a069-ea80-4343-b209-3550ae41566c,bot_t3,0.0
b38691ea-12ba-449e-9e41-a3495fe99aa8,human,0.0
b38f2293-ad9c-4e87-91c7-94d9a53eb19e,bot_t3,0.0
b3b66482-3617-4255-bd88-730f74832163,bot_t1,0.0
b3f6401d-8a2c-4693-a1db-7e7a6f8ef33b,bot_t1,0.0
b407e9da-2141-4ab1-b284-3fd8b3a56c41,bot_t1,0.0
b41fcbc4-a8e2-4923-bc7b-df8001ca2900,human,0.0
b4462c2b-bdd1-43d0-9827-2f8f6a491371,human,0.0
b477f51e-4ee7-4010-a2b3-86c1a425bc27,bot_t2,0.0
b49c30db-95fd-4a26-8ca7-124356577aff,bot_t2,0.0
b4e9d675-43ee-4eaf-a2c2-3a1eac35df7a,bot_t1,0.0
b4ecd522-51be-4874-9633-0cbf1166361f,bot_t2,0.0
b538886d-de51-4347-be8a-1aba7efd6fa7,bot_t2,0.0
b5548b78-048f-47b0-bbd6-6f35bc490b30,bot_t1,0.0
b5679e08-6b08-4467-aa29-13566b856075,human,0.0
b568f452-7b65-45a2-b326-2a973531149c,human,0.0
b59de56f-d2a0-487e-91e9-0c42f7950cb9,bot_t1,0.0
b5cfe81d-9677-4153-8c6a-fe64de14f4cc,bot_t3,0.0
b5dbfb7a-28a1-4344-812c-47705a0a87ee,human,0.0
b5e808d2-5705-4fb8-9de5-0bbf9bdab6c5,human,0.0
b6062e0f-b988-4780-9cbc-65cf3f7534e2,human,0.0
b6414d5a-807d-4024-9cbe-a672709a8cd6,human,0.0
b64e4404-8635-430d-8f52-7d7bc07156d3,human,0.0
b67f1096-1e1f-46e2-ae4e-6dabb0d4d811,bot_t1,0.0
b6849fab-a57f-47c2-8c36-99ebcc560e4e,human,0.0
b6e33c32-0a72-4000-8c10-e01421364dc2,human,0.0
b6e67fec-47e2-4910-8b35-8a782c7c24a6,bot_t3,0.0
b6ef4741-4aca-4756-b87e-9641831f793f,bot_t2,0.0
b7077a7f-96b4-4a24-8412-3947a5cd0a79,human,0.0
b7167f69-3423-47b2-9e4e-b8580cc89d0d,bot_t1,0.0
b74daa1a-6e46-4b9c-b5b2-d270baab47ae,bot_t1,0.0
b75f6666-1063-43a9-8ee2-265e91abb415,bot_t1,0.0
b7831729-c986-46ca-acc6-741c3a1f4afe,bot_t3,0.0
b7c48108-e1d0-48ff-ae8b-747295a96e91,bot_t3,0.0
b7c60fa6-401f-4a72-bf98-1865553a403a,bot_t2,0.0
b842c333-15a4-46fe-a769-3051a165f1d9,human,0.0
b85a0342-bf19-4b86-9b81-9b97694a7763,bot_t2,0.0
b864e8b7-6f56-482c-bf3a-9d76ea8ce0f3,bot_t2,0.0
b8a11070-6a12-4582-9f9f-8d9930f81c63,bot_t2,0.0
b8b550e8-4bde-4681-96a6-c38dd5a7bf82,bot_t1,0.0
b9146d57-fe9c-4ab3-a5a9-9bf70111b326,human,0.0
b9696839-6065-4e2e-867a-28999ecb882b,bot_t1,0.0
b98c8a79-12ef-4c84-8e10-2f8c2c690a83,bot_t1,0.0
b98e89e6-e4bf-4acc-8006-31c1b6a07f55,human,0.0
b9a82eec-861e-4a10-95c1-076a15f1d3f1,bot_t2,0.0
b9afd3ca-aba7-4336-a65a-0a1ac4fbe314,bot_t1,0.0
b9b09e48-40ec-48bc-ad84-526fde602753,bot_t1,0.0
b9cff3da-d81a-4a61-a027-1d64623b5b37,bot_t2,0.0
ba0851cf-7ed6-4b7f-95ec-2b75e0c134b1,bot_t1,0.0
ba334da5-e2f6-49a3-a901-66233cf61644,bot_t2,0.0
ba41d4a6-1b12-4f91-9b60-df0aa302e7a1,bot_t2,0.0
ba6cc372-4cc6-42fb-872c-7b89b5fe9e59,bot_t3,0.0
ba9f7def-8526-4f78-922b-b031964be3f6,human,0.0
baaaec97-eb71-452c-b9c4-fd3e82b0d72b,bot_t2,0.0
bae2c883-ee65-496e-a00e-a7366802879a,bot_t2,0.0
baecc662-5c33-4a9c-a396-d97bcabafc75,bot_t3,0.0
bb1179c5-4a06-4b9f-9c2e-634e73097fc5,bot_t3,0.0
bbadfbc4-f884-417d-ae71-8854fca2e787,bot_t3,0.0
bc18272a-3759-4bf2-a412-552ad8c80752,bot_t1,0.0
bc2296e7-ad15-4053-827e-8bac5288e28b,bot_t2,0.0
bc5c9edb-e1c2-48d8-91b4-bdcb9b67f317,human,0.0
bc9c0b95-7250-4c0a-8196-361096a98d21,bot_t3,0.0
bca6b501-de56-45ac-b886-47b483f1c238,bot_t2,0.0
bcc32221-ad31-44ba-b6bd-8871165a1613,bot_t2,0.0
bd15ccc6-b278-436f-95e4-abce2018c164,human,0.0
bd3ab4ac-b998-4872-937a-743baeb20883,bot_t2,0.0
bd5d61d3-50ae-4648-acda-7b90abb0a207,human,0.0
bd7b5dea-72af-41bf-b6bd-bfa38e02d1cf,human,0.0
bda551ed-e41b-4c66-932c-88a92a4e54dc,bot_t1,0.0
bde9c804-c67a-4e26-840c-4d68e27b2cfe,bot_t1,0.0
be00cc03-66f2-4882-8800-697ad92eeb10,bot_t3,0.0
be5552ea-3eac-4c25-86f1-13e309f53b3b,bot_t3,0.0
be639808-c3ae-4b1f-ba48-91b34ffd84d8,bot_t1,0.0
be6fae7d-8e84-4479-8135-3620059e276b,human,0.0
bee9e15b-9eae-414c-940b-09036882ca75,bot_t2,0.0
beec0c08-986b-4320-95ef-48ae5d7497f1,bot_t1,0.0
bef9d094-be88-49c7-9132-17f14e16b8bb,human,0.0
bf0a716f-ee3a-4999-b80b-378de7f61f5a,bot_t3,0.0
bf0c8538-b2f7-4245-8d6b-78e226b4c7f5,bot_t2,0.0
bf3cd79b-a9b6-4643-b58d-ec3412eac8f9,bot_t3,0.0
bf5d53ad-540c-4363-b65f-664fda474943,human,0.0
bf5fe3e9-5d61-4feb-bc21-e00978c2a327,bot_t2,0.0
bfa81d61-c679-49e6-9573-1926337e3618,human,0.0
bfb47014-c85e-4bbd-997f-055eb3b9a7d0,human,0.0
bfe3b420-c874-4dd2-8556-12f2c99cda3e,bot_t2,0.0
bffbc2bc-ab2b-412f-8bce-ab635ed41e2f,bot_t2,0.0
c01794c0-67f4-4be0-8d2a-3dc26b712cfa,bot_t3,0.0
c023b895-530b-4f9a-b171-822eae3032c6,human,0.0
c03eb555-a68f-47d2-868b-8be673d82372,bot_t2,0.0
c040f588-0d9c-4343-950f-669ca1249bc6,bot_t2,0.0
c04345a9-cff5-461f-a4cb-34eb92634af6,bot_t2,0.0
c08b996b-23b7-44e0-8436-c84c7df49480,human,0.0
c09a2868-a114-4078-8ac1-064ee71fda04,bot_t3,0.0
c1030c66-5fe0-48fc-bcbe-4651a629f061,human,0.0
c11287c6-c5a1-4299-9a71-dd5487e0c4b3,human,0.0
c14413b4-2118-4ccd-aa36-b2059d8adc1a,bot_t3,0.0
c163610c-fefb-48a9-9b7f-8db36a142f60,human,0.0
c168dc0e-66e7-4d5e-9874-1a2463976daa,bot_t2,0.0
c1cb8851-3de9-43d6-982b-902e58cc5737,human,0.0
c1ed7b7e-c671-4c60-b619-453108019773,bot_t2,0.0
c22b692f-f146-47e3-94af-3135aff05e0c,human,0.0
c260a6f2-8383-4877-8196-16cd386b9c89,bot_t3,0.0
c2822dd2-e340-4b80-a62b-60bdbedf4166,human,0.0
c28b21bd-abdb-4b10-b518-8918600fec3c,human,0.0
c2b011aa-4f97-4361-8b04-e8679c7ee314,bot_t1,0.0
c3021e82-d485-4888-9fa9-588b89c9560f,bot_t2,0.0
c3239120-0fb2-4480-885d-99135bfd4757,bot_t1,0.0
c3e9dcc7-daa4-4beb-b705-ef040993aa8b,bot_t1,0.0
c41d08dc-7ed9-49ad-9384-d9e6eace65f5,bot_t3,0.0
c46210b1-dd5d-4e87-9a13-46e5a0c83454,bot_t3,0.0
c462f3c7-7d89-4467-a890-9f87a95265a7,bot_t1,0.0
c4ab2150-a227-43a5-8341-42c4855c34f6,human,0.0
c4ec6fbf-3044-434a-90a0-f436e4ea4254,human,0.0
c4f083c4-b819-4158-9bd8-75aebbd04abf,bot_t1,0.0
c528aa49-c3e4-40e0-adca-1ee6b8175b94,human,0.0
c534fc97-87c6-4292-8c05-058df57b6094,bot_t1,0.0
c5b86676-9162-4d5f-8143-aed8908d5ea1,human,0.0
c5ce10d0-974e-48ca-a47a-5b712f6806aa,bot_t1,0.0
c5d38755-635b-4dcd-ba10-3bcc9de2482a,bot_t1,0.0
c5d514a4-0522-462d-9079-c2cc9b8e23af,human,0.0
c60dfd4a-5210-4905-80b7-db9f74bc99a7,bot_t1,0.0
c623119d-1e04-4f70-9d95-2c1e61378eff,bot_t3,0.0
c641d6cb-8199-4a50-9586-0119f3047d70,bot_t1,0.0
c653350c-c3b5-4c60-bc05-1be3b8a89713,human,0.0
c663f1be-9d6c-4075-9e12-3f78a91398bf,human,0.0
c66b1fae-5b87-4720-817d-a97d71435aac,bot_t2,0.0
c67ff2cc-779a-46a3-9096-f41ab38580b9,bot_t1,0.0
c6973dc9-bae6-43bc-8411-dc602a55ea38,human,0.0
c6d1eb41-646d-4fb1-8401-418d0d3a5b2c,bot_t1,0.0
c75229f2-0f3d-491a-883c-87992909d43e,bot_t1,0.0
c7656547-6411-4d29-8cd4-115884537132,bot_t3,0.0
c7a08eaa-8793-465a-9b47-1412f0c9116b,bot_t3,0.0
c7a42b11-8af6-4fab-8ca1-7ce2f119dff7,bot_t1,0.0
c7aa80b0-9636-483d-9e47-0f22e7fd47ae,bot_t2,0.0
c82cedba-87e9-4bbb-b297-0ce38160352e,bot_t2,0.0
c83bcc7a-920d-4044-bc51-307ea21a7225,bot_t3,0.0
c83ca7d0-f4c2-4937-9afe-6f148476f3cd,bot_t1,0.0
c84b1b30-c623-404c-80c5-303f9e832786,bot_t2,0.0
c84c700d-141a-44aa-afe9-309c13971789,bot_t2,0.0
c8ceef22-c5d7-4572-bf3f-48fcd45fb253,bot_t1,0.0
c8dc929d-bbc1-4557-88f3-7d29ddc2f333,human,0.0
c9130b76-4231-4fb4-973f-ef968b46746d,bot_t3,0.0
c917d1f1-9c57-4149-b5b0-b4ab3d27327c,human,0.0
c937f279-a663-419e-a47d-5e3fa4be6e9b,bot_t2,0.0
c94f4e1d-9031-406d-86f5-adc6535bf33d,bot_t3,0.0
c98c2d76-166c-4671-9003-47d91aa9b0b2,bot_t3,0.0
c99422d4-e04a-47c2-bc46-01cdcd36e641,human,0.0
c9b8b244-4923-4041-b938-dc6f78443287,bot_t3,0.0
c9b8fff6-97dd-42fc-b51e-fc6c45936d06,bot_t1,0.0
c9de0a93-f704-42cb-97de-c8408eb6fa81,bot_t3,0.0
ca1ec1f0-b295-42bc-a440-27e1b73669ba,bot_t3,0.0
ca615bf0-0333-44bd-b5e8-5daa9db96dd3,bot_t1,0.0
ca631241-1074-4d8c-b89a-e217b83ab4b9,bot_t2,0.0
ca72974b-8bd5-45b4-92df-60dc87795a8a,bot_t1,0.0
ca76b7eb-7a7a-43b1-887b-eb1543f59247,human,0.0
ca99c67f-6a51-4fe2-9070-51ab08e0415a,bot_t2,0.0
ca9e5254-d27c-4253-9018-f0d4e823d9b0,bot_t2,0.0
caaa10e0-b802-43d4-bbdd-b20ef0788cec,human,0.0
cab190e9-4c3a-4e57-9211-114be18700e4,bot_t3,0.0
cada5f9c-a8f2-49a2-94ea-71572e8ee05c,bot_t1,0.0
caddbce0-04f3-4bcc-9977-bc072c47c9e1,bot_t2,0.0
caf80edf-d1e0-410e-87eb-a4ffab69c734,bot_t1,0.0
cb23a246-7648-41fe-830f-7d3cbb7b4240,bot_t1,0.0
cb4a171b-6032-4383-95f8-7ac71a5ae0fe,bot_t3,0.0
cb98572e-5d79-424f-b45e-614c52a3537c,bot_t2,0.0
cbb1757c-5d09-41a9-bd1f-a67e13ac1d85,human,0.0
cbcbb17f-f441-4425-9cff-0ab9490011be,bot_t2,0.0
cc06425e-2bf3-4179-83c6-c5996043013e,bot_t3,0.0
cc546dcd-e06c-4f0e-a65f-d5efcec63759,bot_t2,0.0
cc64d629-8ef7-4cd0-9f15-588c4ee82c6c,bot_t1,0.0
cc8693a8-de4d-497a-8afc-bd74c10d6bcb,bot_t2,0.0
cc86d843-a72e-4b92-ac94-d8a84df41524,bot_t1,0.0
ccba2c64-cddc-4b56-a746-72624113a4a1,bot_t3,0.0
ccc07fb8-c57f-4b18-9ca8-9e7f529f1b29,human,0.0
cd42217a-f106-475a-b0e3-2df4e86d76ed,bot_t3,0.0
ce5a8ae7-6054-4158-8e40-2777dea66e3c,bot_t2,0.0
ce6a5ebc-b79d-4243-a228-36d6ae3ab95d,human,0.0
cea8ee13-06ba-404d-b90e-d0df03a4a647,bot_t1,0.0
cee484cc-f220-4c7a-8645-08e1463787a7,bot_t3,0.0
cef33aee-70b1-4be8-9766-bf46a4c71712,bot_t2,0.0
cf461be6-f296-4f1f-b057-a08e7a62ffa3,bot_t2,0.0
cf56c85e-3511-4dcf-bc62-b4d68652a8af,human,0.0
cf5c6166-1045-4273-ad43-1d03346960b0,bot_t1,0.0
cfd2b9a7-00be-44a9-8c61-64a2badb81be,bot_t1,0.0
cfd4ba27-d7bc-4d35-a286-e2723e9cc29d,bot_t1,0.0
cfdcd80c-5a62-41ed-a696-4d165db3b81f,bot_t1,0.0
cfe0457f-01e9-4523-8752-2f3fdcf3f4ab,bot_t2,0.0
cfe3727c-58db-4174-9d79-52c8bfe67800,bot_t2,0.0
d0323095-81b2-4ee6-b422-2ccbef8474d4,human,0.0
d08cecd8-b03c-4658-b369-72884b6660d8,human,0.0
d0c3c98c-79fb-4140-8f3f-5cdd81414e2a,human,0.0
d0c54b43-cf5a-46ae-a969-ab1f45d55810,human,0.0
d0cf9c9c-f4a4-493c-86b2-3fdb63c56020,bot_t2,0.0
d1a1ba71-5acd-452d-b552-06eb1b4b736d,bot_t1,0.0
d1a3254b-cdd3-43ca-b052-8f49629e1870,bot_t3,0.0
d1d4ec08-04ef-444a-bdf2-0da50db1a075,bot_t2,0.0
d2014642-fa89-4adf-8bc5-bccb35874467,human,0.0
d210c960-0401-4233-ad40-82af7f7458b6,bot_t1,0.0
d21f1d8c-4ed5-4bda-ab90-3cbc5e2c0638,human,0.0
d23e0ace-698a-4dab-8e9f-28244a990a34,bot_t2,0.0
d25f56d1-6f54-457c-896a-91267855c8fe,human,0.0
d298b541-3442-48c5-8520-e6a60f695b3b,bot_t2,0.0
d2b1fb57-700b-46f2-b63d-cb1ad0121cef,bot_t3,0.0
d2cc996d-3555-45af-a65b-3936796a15d3,bot_t1,0.0
d2db398f-42e1-4a79-a33a-03f806cccdf8,bot_t1,0.0
d35b8e03-1c30-4229-9d8a-ed4e5e8ab86b,bot_t1,0.0
d3816339-a54a-412e-bfa1-d38df7df4e9f,bot_t1,0.0
d38e4af5-0835-4ba0-8cf4-fcce39815032,bot_t1,0.0
d3be19be-d37b-4536-a8c3-dd558a80fe69,bot_t1,0.0
d40bb712-c789-4abd-997b-f95a23b295ae,bot_t1,0.0
d4178e73-ad70-4640-b585-66d71924b033,bot_t1,0.0
d4588fa5-b82a-436d-940f-72e07d1d742e,bot_t3,0.0
d460c95b-1371-47cc-971b-951912b7526d,human,0.0
d4a68921-3c40-425a-83ba-7a8dae764ef0,bot_t2,0.0
d4df56ab-bb6b-48c6-b4fb-c3a9acd0ff5b,bot_t1,0.0
d4fcf172-5086-413b-a752-7a1e7e5fcbf1,bot_t3,0.0
d50643a2-07fd-47e4-9519-612f03422afa,bot_t1,0.0
d50b0bac-d90b-451c-97d9-8b04ef149d00,bot_t2,0.0
d546368c-b88d-441a-af96-d0977c06b52b,bot_t1,0.0
d5bac8f8-5e89-4e88-b471-a078450edbf9,human,0.0
d5f3c04a-3639-4ae8-8f27-3b37035825cb,bot_t2,0.0
d5f51cee-b2da-42bb-bb76-e5a7f414ac58,bot_t3,0.0
d5fd77b7-a209-47af-9a14-edc8811ec18c,human,0.0
d617cdbd-8cad-48e2-a7a8-c5afdfc7b606,bot_t1,0.0
d62fd2ab-386d-4f3f-a435-8eab00c7d95f,human,0.0
d634ce46-c460-445b-8cbb-6bc4eb296197,bot_t2,0.0
d635a4ef-09f4-4184-b7c4-8d9e64540c70,bot_t3,0.0
d642634f-724b-4513-b9ad-27f73ab0febe,human,0.0
d6edfd8a-4dd3-4068-8a2e-c078b162f596,human,0.0
d70a86e3-8db8-4a48-8a54-42a39545afd1,bot_t1,0.0
d7237add-2cf4-4c5b-ae16-f31e303c04c4,bot_t2,0.0
d747e54a-bf76-483e-8b6a-202c3b6944ed,bot_t3,0.0
d7c2b53a-a20b-4322-9e56-9c61e1b39f40,bot_t2,0.0
d81f877b-1a25-4daf-8e94-fa25e762b2a9,bot_t2,0.0
d8a87800-3fa0-436e-b925-7229fa1aaf99,human,0.0
d8f343db-6ddf-4e09-9d23-3aae10be18b6,bot_t3,0.0
d90e6fbb-158e-4878-ae38-cea73dd2074f,bot_t2,0.0
d95c4a71-cd0e-4400-bc3a-2d22a6e7683b,bot_t2,0.0
d9966490-7814-45dd-804a-b42384c5577f,bot_t2,0.0
d9af4dab-eac3-49ee-a361-cbbb70938a6b,human,0.0
da846ddb-a3a1-4240-bdd2-574e9ed6e95c,human,0.0
db6a5d48-2845-4dda-afb1-5788a20bdf9b,human,0.0
db74661e-18bf-4bfd-afdc-cfdcdc83e0fd,human,0.0
db839c20-e24c-40e1-96ca-cd366163c6ed,bot_t2,0.0
db846666-3e69-4eb4-8d8e-91b22cb68904,bot_t1,0.0
dba3ead1-bba9-481c-9591-781e2f9f54b8,human,0.0
dba87af2-3671-4b11-a809-2233c9c6f05e,bot_t2,0.0
dba90ace-8c42-4e76-a9f6-3107c05f372c,human,0.0
dbf89664-ba3a-4f55-b0e5-ecebd7bce075,human,0.0
dc1e7839-0e6f-493a-87f1-7cb941dbf76b,bot_t3,0.0
dc56a332-fee6-4dce-ab7a-bd02537e171e,human,0.0
dc75b317-b346-4c0f-b089-6618800eaa9a,human,0.0
dcf35cce-798b-4e93-9b8f-0a743accadd2,bot_t2,0.0
dcf510ea-5195-4051-84d3-ed797392d0cd,bot_t2,0.0
dd7a2b7b-3da5-4301-8df5-0938dae4dcb4,bot_t1,0.0
dd80f0fb-8235-48c0-adbf-1bedf5db1312,bot_t1,0.0
ddc532d7-eebc-4daf-b0b2-ffc90a0b217c,bot_t1,0.0
ddfd0e5b-5346-4b59-994c-72c5daf18836,bot_t3,0.0
de2b4315-214f-497f-b79a-93794f0aab09,bot_t2,0.0
de376a81-e58d-4ace-9981-3c8e45669573,bot_t1,0.0
de738e73-3599-4aaa-be58-0fffa93ec356,human,0.0
de894a4e-c6b1-46a3-a91f-9c0a38596d02,bot_t3,0.0
deba2b05-6023-47c5-a9e0-a79ca9b0b3b6,human,0.0
debcc00f-640b-4f9e-8c35-da9c6af70520,bot_t3,0.0
dee31090-792f-4c25-8fa2-140db8c9e5eb,bot_t2,0.0
df3ee310-d014-411e-86f1-44246af6ca9a,bot_t1,0.0
df44795c-7fa2-4553-b903-2c2fc3636cca,human,0.0
dfb18f99-dc4d-4316-83ad-c09566e4a41e,human,0.0
dfb76390-e741-410f-96fe-3e2053a727ab,human,0.0
dfe133b6-49d0-4105-bb82-4f53273e5563,bot_t2,0.0
dfe31391-6384-483a-8988-11bc0173b7ed,bot_t2,0.0
dff870c9-abcb-4302-961d-9d2c8d2127e7,bot_t1,0.0
dfffede0-c0d0-4583-b937-7ae5fcbb59d2,bot_t1,0.0
e02b134e-3920-4875-9500-3712650291e7,bot_t2,0.0
e05660af-7a7f-4b86-ab15-79bc59971bdb,bot_t1,0.0
e061ec4e-d9e5-4a24-b791-9c6c2f5db805,human,0.0
e08a22b8-dae5-4188-9403-6f7edb1d2da3,human,0.0
e08ca75f-faab-41d6-bf6c-b01d93ef422f,bot_t3,0.0
e097e545-86d0-435c-b8eb-6da67850af9c,human,0.0
e09beb9a-18e5-4939-92ad-f0c352bf8a1d,bot_t1,0.0
e0ba3603-1c03-43d8-9fd6-ac5a5fe6d06c,bot_t2,0.0
e0d4941d-514a-4e90-8ece-f8a5934fc3df,bot_t2,0.0
e0e1d4b4-8871-4cb0-a8d7-b66cf18002be,human,0.0
e0e97125-946d-4c30-b4de-1858b8807696,human,0.0
e115312a-eae7-465b-8e3c-7a7758be1659,bot_t2,0.0
e12548ec-6c6d-447c-abd0-09ca4f921de2,bot_t2,0.0
e132196f-c5d7-4889-94f5-b5d5ec70b303,bot_t2,0.0
e137e2ca-82b6-4b4a-9160-cd7421b55906,human,0.0
e14a7f34-bf74-42b3-8bb6-fc3a433e55d6,human,0.0
e1556516-cb97-4aba-9268-8f4929584f0f,bot_t1,0.0
e157fa0c-67fb-44c1-97cc-e0f8fcacbe86,bot_t3,0.0
e18f9b47-a8c6-482b-a92b-b87cf4522cbb,bot_t1,0.0
e1a62197-a939-4da0-89fa-3ba1ada25e67,bot_t2,0.0
e1d93b5b-a85a-4cf0-974e-8547627350ec,human,0.0
e215dc6b-3349-47a1-ae0d-b79ee8696e7b,human,0.0
e255cb01-2194-4476-af4d-33fc5ada605f,bot_t3,0.0
e25af03a-cd49-483f-a983-fbd498887658,bot_t3,0.0
e27b7f70-e4b0-4cae-a8c9-f52833e6cc52,bot_t1,0.0
e29fd80c-d6de-4403-abe7-974b1a8bbebc,bot_t3,0.0
e2a5c3dc-bd5c-4f95-b8b3-61a03a6de32f,bot_t3,0.0
e2b136bb-2ffe-4ec5-b8dd-7b976c4596c7,human,0.0
e2d0651e-b105-423b-81db-fb863708edaa,bot_t1,0.0
e2ef0166-f5a6-49c5-80e3-2ffafcc7c7b6,bot_t2,0.0
e2efa359-6fc1-4f92-8fdf-d632db83b1db,bot_t3,0.0
e2f5bb1e-2d76-40ae-bd01-f79a991649bb,bot_t1,0.0
e3178a37-a35a-4509-aec2-d5b37f3373af,human,0.0
e32db658-5489-47f3-ac72-a2243cbaec73,human,0.0
e3366310-bc69-47fc-9889-3ab757a7c6d0,bot_t1,0.0
e37911e7-2d76-4f9c-9f57-ff4bc8608652,bot_t1,0.0
e3851efa-da01-44a4-8e7f-c116490c2f38,bot_t2,0.0
e38fa321-8003-45de-9f91-52370917b62a,bot_t2,0.0
e39ccba1-f80c-41af-b659-f329788fd28a,bot_t2,0.0
e39f851e-823e-4514-8383-74848fa10b78,bot_t1,0.0
e41ff713-c273-46a4-af19-f39097139299,bot_t2,0.0
e42d8af9-9fef-477f-9c7c-69b305f924e3,bot_t3,0.0
e440d7a2-b1e1-46e6-bc1c-6ed7d4ba80be,bot_t3,0.0
e4465d90-68e7-4759-87aa-ce102adeaca8,human,0.0
e47c8276-2670-4e72-99be-443e81be71e3,bot_t1,0.0
e4a7e950-7c16-4977-996b-5de371ab20e7,human,0.0
e4c128a9-7977-4c10-b386-42923feb0d3d,bot_t3,0.0
e4df1e42-a6cc-4e03-93ff-bf2732b9b5a1,bot_t2,0.0
e4ed5808-3464-487e-821d-8fbdd292bd6b,bot_t2,0.0
e4f0135a-7370-45d6-b57b-befbaad56a99,bot_t3,0.0
e5117874-6832-4943-94c7-5116e549c5b1,bot_t1,0.0
e59a78d6-637a-42d4-9eff-1521cc850e1e,human,0.0
e5aed05b-e7c1-4487-8004-991e6b56743a,bot_t1,0.0
e5c014b6-6762-4c72-806f-3abb25992b1b,human,0.0
e5f83baa-90df-4137-8714-f135d4edf2a3,bot_t1,0.0
e62e4462-a03f-4acb-aa5f-14280b109be8,bot_t3,0.0
e65b49a0-117d-4ff7-af07-35bfb59cd6d9,bot_t2,0.0
e65e46bf-a9f1-433e-9881-289ad8ed09ee,human,0.0
e6942366-f937-48bd-94a2-5a113c5c59ef,human,0.0
e6e845da-3e6d-4f4f-8bb3-2d8348e96de2,bot_t1,0.0
e6ee5330-a27a-444e-8532-5d5bfba70f2f,bot_t1,0.0
e6fd4f4f-5d93-444b-ade3-cb68cd82c6ca,bot_t2,0.0
e774ff54-5b2f-4e31-8507-508f6cff0e75,bot_t1,0.0
e776e316-f62e-4be8-aaa9-708d97c09ebd,bot_t2,0.0
e7889aab-c12b-479c-8e41-a68dfa7970c5,bot_t2,0.0
e7f083a6-9284-4327-b49c-c3837ce206d7,bot_t1,0.0
e7f53a56-040b-4853-86fc-31a3e5c9fdd9,human,0.0
e83ac7ee-ffc0-4517-b40b-ba1093a6ce9b,bot_t2,0.0
e86d5564-fee3-4a56-9c7f-7df5749536ca,bot_t3,0.0
e87d8e4e-e8ed-4570-b1ee-68f7f5a7bdbb,bot_t2,0.0
e8855a17-2b9a-44a1-aede-b1ca03f51e35,bot_t2,0.0
e885ebbb-951b-4fe2-811d-77ff39ad93a1,human,0.0
e89b193a-3440-4fab-90e7-80f1ef02e8bd,human,0.0
e8a18bc2-e88e-4179-a22e-68380467ab73,bot_t2,0.0
e8bdbd2b-d3a7-4c49-8a0b-bda2589516c3,bot_t2,0.0
e8be75b2-e1ec-429f-8670-ef75ccd5998b,bot_t1,0.0
e97940e4-eb1e-4e86-928e-9e79c91f5167,bot_t2,0.0
e98cb1e7-3b5d-4596-b606-8a22e088f212,bot_t3,0.0
e9b7abaa-f605-43c2-8d17-948a3fec74cd,human,0.0
e9b97a2d-d9d2-468b-b1a6-2469460e6e78,bot_t1,0.0
e9bf3500-b8bb-499f-87a0-c86c5b06bfdb,human,0.0
e9d94e1d-6e63-48f6-b177-29ac9ed6238c,human,0.0
e9d9e9db-b044-4c51-8b95-b6071f919c9b,bot_t3,0.0
e9fd043f-5bfb-437e-bd36-edbcd28073ab,human,0.0
ea68226d-4e91-42ba-9767-a6c244a1050e,human,0.0
ea90e498-e280-4ddb-a461-ed8155a09ccc,bot_t3,0.0
ea91c249-1028-4786-bc22-682947705144,bot_t1,0.0
eaa0517b-c244-4503-bda2-1e6fe8687468,bot_t2,0.0
eb478d4f-d5b8-403b-ba9b-d909bafd5402,human,0.0
eba82db4-e3e4-4da7-9808-7ed99d28a977,human,0.0
ebb75e5e-c7bb-44c0-8515-bd0ca8d43211,bot_t2,0.0
ec392681-9402-4c6d-bcc4-e4ab9a6fcdf6,bot_t2,0.0
ec762b41-9383-47a1-bf28-bf020ecf13bf,bot_t3,0.0
ecb894d7-edf8-4839-8ff1-e5c8635c9d12,bot_t3,0.0
ecd5ec9a-8e98-4ade-b14e-aa8ff35cf2eb,bot_t3,0.0
ed092d1f-7d44-4236-a0b5-8d42ee724db3,human,0.0
ed3789d3-f28b-4f7d-9065-a0ed25e51c09,human,0.0
ed428550-411c-4966-9da7-1b1612c6ed02,bot_t3,0.0
ed697077-b3c2-4795-8a43-b9dbccbd78df,bot_t1,0.0
ed997c0d-b25f-47dd-8818-67e1daa9e217,bot_t1,0.0
edcabfda-029d-4938-a4df-221f33be8709,bot_t2,0.0
edf97c3c-8b12-4a63-a4f2-ab42671d3ea9,bot_t1,0.0
ee23bca0-39f3-420e-947d-4624865720e3,bot_t1,0.0
ee2dca7a-c527-43c6-ad62-8e2f75484da4,bot_t1,0.0
ee8bbbaf-4f5e-4380-8b9a-a5bb1c6da196,bot_t3,0.0
ef5c6bed-f810-423a-90ad-3d5294e7aeb6,bot_t2,0.0
ef831b81-3fbd-4ee2-b732-9184f8ed7c50,human,0.0
efb1fe17-d85d-403b-a809-77f112c2e2fc,bot_t2,0.0
efbb835d-231a-4791-bc9c-fad84be1df19,human,0.0
efbf8e51-508e-4a27-aa1f-f0ea8e7c0055,bot_t3,0.0
efc07744-436b-4fc2-832b-7d72935cdd28,human,0.0
efd80f10-c8c3-4bd3-9085-03b4d9c983ee,human,0.0
efef28b7-28e4-49f2-99b4-fad86ebf313f,bot_t1,0.0
f0488412-e89b-411e-906f-c6cf781d95a9,bot_t1,0.0
f04f2af2-8f05-4779-8db8-563046561ef3,human,0.0
f08ec459-da57-4bf5-ace8-c4367263d8c2,human,0.0
f096cf0d-de76-4ff9-a1a2-93ae2c45e8f7,bot_t2,0.0
f0a81e1e-355f-41ac-aede-c5e6797ade5e,bot_t3,0.0
f0ca3836-2eed-48ed-8011-968c3083c5eb,bot_t3,0.0
f0dfb4da-92f0-4c2f-8f72-035a3907b0d1,bot_t1,0.0
f0fa8136-2f7a-4d75-8f51-21a769f601cf,bot_t1,0.0
f1098bc4-97c7-4b13-8a01-84fe8e72e4fd,bot_t1,0.0
f11709a7-118a-4e1e-86dc-c681a2e108d1,human,0.0
f11fe996-28f9-4a2f-8e2d-ab3386c91325,bot_t1,0.0
f16ff450-0cd8-4991-bc77-9473446ef384,bot_t2,0.0
f18e1e0f-fd3c-4c05-9465-69fff8d128bc,bot_t1,0.0
f1974f5e-7bec-4627-b229-c32ecb6255e1,bot_t2,0.0
f1c3128f-beb4-4c7b-a5df-cbad947a7389,bot_t3,0.0
f1ce1514-06f4-4b66-8704-c3625ccfb527,bot_t3,0.0
f1e7b756-6c6d-44c0-bcf4-9d3bb2f570b0,human,0.0
f250996e-b6af-46ad-a087-8d6073c9c4a4,bot_t2,0.0
f2924658-7a30-4065-9364-42bdda5cec12,bot_t1,0.0
f2a2b0e7-c31e-4dcb-855a-0d4475535935,bot_t1,0.0
f2ed8dfb-d77a-4284-9fd3-98995af83814,bot_t2,0.0
f2fb8ed4-2542-473a-ba53-2bc8ac003ca1,human,0.0
f34d25f5-bcbb-4391-8d3f-99731a9ac88c,bot_t3,0.0
f38eda34-62d4-4757-8e4b-5859fe7085c0,bot_t1,0.0
f3bc41fd-0f02-46c6-8149-00ce1f8880e0,bot_t1,0.0
f3cc774a-43a7-4472-aff1-7fecf738711e,bot_t2,0.0
f40318e9-66f6-4693-bdc2-8ea8118e5b73,bot_t2,0.0
f4313770-6e7a-4e4e-ac5a-f9932d24ea88,bot_t3,0.0
f43b935b-68f5-4998-aef9-2366d91f8480,bot_t1,0.0
f446c913-423f-4cfb-85d9-64d298702d10,bot_t2,0.0
f44f05e9-129d-4d9b-bb4a-7b4de30941ca,human,0.0
f4c50d3a-900f-45ad-a68d-e5da8a0a5cfd,human,0.0
f4fcb580-d2f7-4017-8608-9668d18624e6,human,0.0
f500399a-e0ac-49f0-bc5f-88f58aeee53d,bot_t3,0.0
f5255a80-0e51-4ad5-b36a-e95bfac474ac,human,0.0
f52c1abc-2563-4262-9cc9-ae4d1897045a,bot_t2,0.0
f5755c6e-6bac-4bea-b578-1dc127ea3c60,human,0.0
f5915495-8ba6-417d-8b48-6454bca6aa08,bot_t2,0.0
f59c230e-bca9-42e0-81ab-f4869e5a8848,human,0.0
f5b196bd-0821-45f5-ac0d-fa2a1eb0f7d4,bot_t1,0.0
f60cc3fc-23cb-4fd9-8c56-0f7e8d5b465d,human,0.0
f61b1be0-c60d-4d29-b4a7-44821bb94e22,bot_t1,0.0
f6311007-23f1-4d60-a228-6402df72a02f,bot_t2,0.0
f66741ab-f114-495a-97f0-c6d4fc3b5338,bot_t2,0.0
f6bcd5e2-9126-44c4-bfdd-bebbb0b77537,bot_t1,0.0
f6be020d-30ea-44a3-8f10-fddf8dd606a9,human,0.0
f6c91919-b438-40ec-9342-48c24f03fdaf,bot_t2,0.0
f6d1edcd-f76f-41e7-85f4-148d52717f87,bot_t2,0.0
f6ecc8f2-5758-4ef2-991f-2bf9371667fb,bot_t3,0.0
f7174fea-c125-4196-9377-7eac622e3b7e,human,0.0
f734b922-a19d-4076-8920-c435ad978478,human,0.0
f7683f0d-d7b5-4f6d-b3ed-8e09f9db589a,bot_t3,0.0
f7a828bf-a447-4e70-a52b-fc092e27a2ae,human,0.0
f7ca6189-b3fc-47db-ac9a-9f2d7d497425,bot_t2,0.0
f7f3f4bf-ae7c-4e87-ac79-4623e9bf7f59,human,0.0
f80d8d3b-9bcc-451b-a22c-8564077314a7,bot_t1,0.0
f88775b4-9a75-4ba2-a7e4-2808c727d37a,bot_t3,0.0
f92ad417-118f-4040-912d-bccbb61653d5,human,0.0
f92d90bb-f897-49a1-a4ba-139c8203e343,human,0.0
f935b796-76b3-45bd-bb0a-4e3e2818691e,bot_t1,0.0
f948684f-69c3-4ab8-97d0-94e113324011,bot_t1,0.0
f94edeae-ff16-48f2-9ac7-c1a65f4f797b,bot_t2,0.0
f97fb2e4-c49b-4573-bdc0-9b7484fb015d,bot_t3,0.0
f9ea3783-5d5a-4cdd-b073-7356638f42d1,bot_t1,0.0
f9f323da-8540-43b7-9e1c-eacfed80f385,human,0.0
fa306cc1-871a-4671-9c1e-4501e704c439,bot_t3,0.0
fa4c8acb-b762-42bb-a35a-6cda113d137d,human,0.0
fa73ec3f-dafc-48fc-bc17-f8466ee3a96a,bot_t1,0.0
faaf5656-6d64-4ecd-b103-2379154e4118,human,0.0
fae92136-9db4-41b3-a10d-476f95cd7f5e,bot_t3,0.0
faeddbe8-a084-42e2-9c26-66cf52dcd3f0,human,0.0
faf76623-fcd1-4e0a-bde4-209a34737d9f,bot_t2,0.0
fb15c1ed-9fb3-4dd8-a95d-f66d0d099f5d,human,0.0
fb21c3ed-fc44-4af4-93f0-11b7d6f1d799,bot_t3,0.0
fb28b161-4731-40ef-8918-945e26d55035,bot_t3,0.0
fb36619f-d101-4504-809a-043bdb99d216,human,0.0
fb6daee6-a758-4576-b7dc-2f849b8c9449,bot_t1,0.0
fb82cc5c-fabf-4850-b644-a1d9b56503cc,bot_t2,0.0
fb9bab28-a44c-43b3-a12d-b2c02f3b2b01,bot_t1,0.0
fbaf0a7d-2b46-40ac-a78b-8370ed97748b,bot_t2,0.0
fc324eac-e496-4ace-9e3b-773c2870919e,bot_t2,0.0
fc57d241-5131-4abe-b524-3fedbcacb2dc,human,0.0
fc758e88-c584-4b9d-a1a2-756c31839311,bot_t1,0.0
fc836abc-ed5e-431e-92b6-92c7eb210a5e,bot_t3,0.0
fc8713e2-4975-419e-8d49-5672aaa246f1,bot_t3,0.0
fcacf14e-a813-4baa-87cb-77dbaff30094,bot_t1,0.0
fcb16c42-d25d-46c2-b288-0e7cdd04f5e4,bot_t2,0.0
fcd64055-004a-4fdc-9bb4-a45d0d4bdf41,bot_t3,0.0
fd0544b0-122b-452f-b5a8-0accf2fb0f3e,bot_t3,0.0
fd5c9c04-4295-4f1e-b685-f0a56d4dff63,bot_t3,0.0
fd6d96a1-157b-4d7e-9ad8-93d2bf80baae,bot_t2,0.0
fd98f8bd-16a4-46e9-bb09-8622a0c7f1b4,bot_t3,0.0
fda5510d-dabf-41e4-b0f6-daa544cf2b9b,bot_t1,0.0
fda7dab7-8577-4efd-8943-fe5ce6b7b4e2,human,0.0
fdeb6fd4-9379-4bf8-8f3e-8810f9f40479,bot_t3,0.0
fdf4b3b5-5359-4960-87ad-d4560accd546,bot_t1,0.0
fe09d6cd-30d7-4f4d-8184-a4ca25373461,human,0.0
fe363bbd-cdc9-4323-8f19-d83c437adce9,human,0.0
fe564b9b-2d8f-4b83-8d4e-ebe6c5ea8e7b,human,0.0
fe6a316a-c9a3-4629-862b-1ecb7707a9c3,human,0.0
fe8e4f2a-79ac-466e-bf7f-e1f5b527cadd,bot_t1,0.0
febb7931-d19a-426f-a7ba-bd829593644e,bot_t3,0.0
fee239cb-6f6c-4c21-b1d5-1e12e0f2547f,bot_t3,0.0
fee83b31-075c-4663-bdd6-693edae2a20b,human,0.0
ff8dadae-f5f2-4022-b125-a46c46b2954e,bot_t2,0.0
ffbea874-2cb5-40ae-b15d-8609229ef253,human,0.0
ffd0a28d-db5d-4c25-84a1-3363e87cb75d,bot_t3,0.0
fff8061c-1789-4c97-9f66-bd9ff11845fb,bot_t2,0.0
fffc765e-0899-455b-82a3-f33696244fce,bot_t2,0.0
